ins_date,ins_ccd,ins_scd,ins_pg,upd_date,upd_ccd,upd_scd,upd_pg,exclus_ver,contract_cd,cid,attendance_item_id,disp_order
,,,,,,,,0,"000000000000","000000000000-0000",3,1
,,,,,,,,0,"000000000000","000000000000-0000",4,2
,,,,,,,,0,"000000000000","000000000000-0000",5,170
,,,,,,,,0,"000000000000","000000000000-0000",6,171
,,,,,,,,0,"000000000000","000000000000-0000",12,178
,,,,,,,,0,"000000000000","000000000000-0000",13,179
,,,,,,,,0,"000000000000","000000000000-0000",14,180
,,,,,,,,0,"000000000000","000000000000-0000",15,181
,,,,,,,,0,"000000000000","000000000000-0000",16,182
,,,,,,,,0,"000000000000","000000000000-0000",17,183
,,,,,,,,0,"000000000000","000000000000-0000",18,184
,,,,,,,,0,"000000000000","000000000000-0000",19,185
,,,,,,,,0,"000000000000","000000000000-0000",20,186
,,,,,,,,0,"000000000000","000000000000-0000",21,187
,,,,,,,,0,"000000000000","000000000000-0000",30,5
,,,,,,,,0,"000000000000","000000000000-0000",31,7
,,,,,,,,0,"000000000000","000000000000-0000",32,172
,,,,,,,,0,"000000000000","000000000000-0000",33,3
,,,,,,,,0,"000000000000","000000000000-0000",34,4
,,,,,,,,0,"000000000000","000000000000-0000",35,13
,,,,,,,,0,"000000000000","000000000000-0000",36,14
,,,,,,,,0,"000000000000","000000000000-0000",37,15
,,,,,,,,0,"000000000000","000000000000-0000",38,16
,,,,,,,,0,"000000000000","000000000000-0000",39,17
,,,,,,,,0,"000000000000","000000000000-0000",40,18
,,,,,,,,0,"000000000000","000000000000-0000",41,19
,,,,,,,,0,"000000000000","000000000000-0000",42,20
,,,,,,,,0,"000000000000","000000000000-0000",43,21
,,,,,,,,0,"000000000000","000000000000-0000",44,22
,,,,,,,,0,"000000000000","000000000000-0000",45,23
,,,,,,,,0,"000000000000","000000000000-0000",46,24
,,,,,,,,0,"000000000000","000000000000-0000",47,25
,,,,,,,,0,"000000000000","000000000000-0000",48,26
,,,,,,,,0,"000000000000","000000000000-0000",49,27
,,,,,,,,0,"000000000000","000000000000-0000",50,28
,,,,,,,,0,"000000000000","000000000000-0000",51,29
,,,,,,,,0,"000000000000","000000000000-0000",52,30
,,,,,,,,0,"000000000000","000000000000-0000",53,31
,,,,,,,,0,"000000000000","000000000000-0000",54,32
,,,,,,,,0,"000000000000","000000000000-0000",55,33
,,,,,,,,0,"000000000000","000000000000-0000",56,34
,,,,,,,,0,"000000000000","000000000000-0000",57,77
,,,,,,,,0,"000000000000","000000000000-0000",58,78
,,,,,,,,0,"000000000000","000000000000-0000",59,79
,,,,,,,,0,"000000000000","000000000000-0000",60,80
,,,,,,,,0,"000000000000","000000000000-0000",61,81
,,,,,,,,0,"000000000000","000000000000-0000",62,82
,,,,,,,,0,"000000000000","000000000000-0000",63,83
,,,,,,,,0,"000000000000","000000000000-0000",64,84
,,,,,,,,0,"000000000000","000000000000-0000",65,85
,,,,,,,,0,"000000000000","000000000000-0000",66,86
,,,,,,,,0,"000000000000","000000000000-0000",67,87
,,,,,,,,0,"000000000000","000000000000-0000",90,57
,,,,,,,,0,"000000000000","000000000000-0000",91,58
,,,,,,,,0,"000000000000","000000000000-0000",92,59
,,,,,,,,0,"000000000000","000000000000-0000",93,60
,,,,,,,,0,"000000000000","000000000000-0000",94,61
,,,,,,,,0,"000000000000","000000000000-0000",95,62
,,,,,,,,0,"000000000000","000000000000-0000",96,63
,,,,,,,,0,"000000000000","000000000000-0000",97,64
,,,,,,,,0,"000000000000","000000000000-0000",98,65
,,,,,,,,0,"000000000000","000000000000-0000",99,66
,,,,,,,,0,"000000000000","000000000000-0000",110,88
,,,,,,,,0,"000000000000","000000000000-0000",111,89
,,,,,,,,0,"000000000000","000000000000-0000",112,90
,,,,,,,,0,"000000000000","000000000000-0000",113,91
,,,,,,,,0,"000000000000","000000000000-0000",114,92
,,,,,,,,0,"000000000000","000000000000-0000",115,93
,,,,,,,,0,"000000000000","000000000000-0000",116,94
,,,,,,,,0,"000000000000","000000000000-0000",117,95
,,,,,,,,0,"000000000000","000000000000-0000",118,96
,,,,,,,,0,"000000000000","000000000000-0000",119,97
,,,,,,,,0,"000000000000","000000000000-0000",120,98
,,,,,,,,0,"000000000000","000000000000-0000",121,99
,,,,,,,,0,"000000000000","000000000000-0000",122,100
,,,,,,,,0,"000000000000","000000000000-0000",123,101
,,,,,,,,0,"000000000000","000000000000-0000",124,102
,,,,,,,,0,"000000000000","000000000000-0000",125,103
,,,,,,,,0,"000000000000","000000000000-0000",126,104
,,,,,,,,0,"000000000000","000000000000-0000",127,105
,,,,,,,,0,"000000000000","000000000000-0000",128,106
,,,,,,,,0,"000000000000","000000000000-0000",129,107
,,,,,,,,0,"000000000000","000000000000-0000",130,108
,,,,,,,,0,"000000000000","000000000000-0000",131,109
,,,,,,,,0,"000000000000","000000000000-0000",132,152
,,,,,,,,0,"000000000000","000000000000-0000",133,153
,,,,,,,,0,"000000000000","000000000000-0000",134,154
,,,,,,,,0,"000000000000","000000000000-0000",135,155
,,,,,,,,0,"000000000000","000000000000-0000",136,156
,,,,,,,,0,"000000000000","000000000000-0000",137,157
,,,,,,,,0,"000000000000","000000000000-0000",138,158
,,,,,,,,0,"000000000000","000000000000-0000",139,159
,,,,,,,,0,"000000000000","000000000000-0000",140,160
,,,,,,,,0,"000000000000","000000000000-0000",141,161
,,,,,,,,0,"000000000000","000000000000-0000",142,162
,,,,,,,,0,"000000000000","000000000000-0000",143,110
,,,,,,,,0,"000000000000","000000000000-0000",144,111
,,,,,,,,0,"000000000000","000000000000-0000",145,112
,,,,,,,,0,"000000000000","000000000000-0000",146,113
,,,,,,,,0,"000000000000","000000000000-0000",147,114
,,,,,,,,0,"000000000000","000000000000-0000",148,115
,,,,,,,,0,"000000000000","000000000000-0000",149,116
,,,,,,,,0,"000000000000","000000000000-0000",150,117
,,,,,,,,0,"000000000000","000000000000-0000",151,118
,,,,,,,,0,"000000000000","000000000000-0000",152,119
,,,,,,,,0,"000000000000","000000000000-0000",153,120
,,,,,,,,0,"000000000000","000000000000-0000",154,121
,,,,,,,,0,"000000000000","000000000000-0000",155,122
,,,,,,,,0,"000000000000","000000000000-0000",156,123
,,,,,,,,0,"000000000000","000000000000-0000",157,124
,,,,,,,,0,"000000000000","000000000000-0000",158,125
,,,,,,,,0,"000000000000","000000000000-0000",159,126
,,,,,,,,0,"000000000000","000000000000-0000",160,127
,,,,,,,,0,"000000000000","000000000000-0000",161,128
,,,,,,,,0,"000000000000","000000000000-0000",162,129
,,,,,,,,0,"000000000000","000000000000-0000",163,130
,,,,,,,,0,"000000000000","000000000000-0000",164,131
,,,,,,,,0,"000000000000","000000000000-0000",165,132
,,,,,,,,0,"000000000000","000000000000-0000",166,133
,,,,,,,,0,"000000000000","000000000000-0000",167,134
,,,,,,,,0,"000000000000","000000000000-0000",168,135
,,,,,,,,0,"000000000000","000000000000-0000",169,136
,,,,,,,,0,"000000000000","000000000000-0000",170,137
,,,,,,,,0,"000000000000","000000000000-0000",171,138
,,,,,,,,0,"000000000000","000000000000-0000",172,139
,,,,,,,,0,"000000000000","000000000000-0000",173,140
,,,,,,,,0,"000000000000","000000000000-0000",174,141
,,,,,,,,0,"000000000000","000000000000-0000",175,142
,,,,,,,,0,"000000000000","000000000000-0000",176,143
,,,,,,,,0,"000000000000","000000000000-0000",177,144
,,,,,,,,0,"000000000000","000000000000-0000",178,145
,,,,,,,,0,"000000000000","000000000000-0000",179,146
,,,,,,,,0,"000000000000","000000000000-0000",180,147
,,,,,,,,0,"000000000000","000000000000-0000",181,148
,,,,,,,,0,"000000000000","000000000000-0000",182,149
,,,,,,,,0,"000000000000","000000000000-0000",183,150
,,,,,,,,0,"000000000000","000000000000-0000",184,151
,,,,,,,,0,"000000000000","000000000000-0000",185,734
,,,,,,,,0,"000000000000","000000000000-0000",186,735
,,,,,,,,0,"000000000000","000000000000-0000",187,736
,,,,,,,,0,"000000000000","000000000000-0000",188,737
,,,,,,,,0,"000000000000","000000000000-0000",197,1406
,,,,,,,,0,"000000000000","000000000000-0000",198,1407
,,,,,,,,0,"000000000000","000000000000-0000",199,1408
,,,,,,,,0,"000000000000","000000000000-0000",200,1409
,,,,,,,,0,"000000000000","000000000000-0000",208,294
,,,,,,,,0,"000000000000","000000000000-0000",209,295
,,,,,,,,0,"000000000000","000000000000-0000",210,296
,,,,,,,,0,"000000000000","000000000000-0000",213,297
,,,,,,,,0,"000000000000","000000000000-0000",214,298
,,,,,,,,0,"000000000000","000000000000-0000",215,299
,,,,,,,,0,"000000000000","000000000000-0000",216,300
,,,,,,,,0,"000000000000","000000000000-0000",239,319
,,,,,,,,0,"000000000000","000000000000-0000",240,320
,,,,,,,,0,"000000000000","000000000000-0000",241,321
,,,,,,,,0,"000000000000","000000000000-0000",242,322
,,,,,,,,0,"000000000000","000000000000-0000",243,323
,,,,,,,,0,"000000000000","000000000000-0000",244,324
,,,,,,,,0,"000000000000","000000000000-0000",245,325
,,,,,,,,0,"000000000000","000000000000-0000",246,326
,,,,,,,,0,"000000000000","000000000000-0000",247,327
,,,,,,,,0,"000000000000","000000000000-0000",248,328
,,,,,,,,0,"000000000000","000000000000-0000",249,329
,,,,,,,,0,"000000000000","000000000000-0000",250,330
,,,,,,,,0,"000000000000","000000000000-0000",251,331
,,,,,,,,0,"000000000000","000000000000-0000",252,332
,,,,,,,,0,"000000000000","000000000000-0000",253,333
,,,,,,,,0,"000000000000","000000000000-0000",254,334
,,,,,,,,0,"000000000000","000000000000-0000",255,335
,,,,,,,,0,"000000000000","000000000000-0000",256,336
,,,,,,,,0,"000000000000","000000000000-0000",257,337
,,,,,,,,0,"000000000000","000000000000-0000",258,338
,,,,,,,,0,"000000000000","000000000000-0000",259,339
,,,,,,,,0,"000000000000","000000000000-0000",260,340
,,,,,,,,0,"000000000000","000000000000-0000",261,341
,,,,,,,,0,"000000000000","000000000000-0000",262,342
,,,,,,,,0,"000000000000","000000000000-0000",263,343
,,,,,,,,0,"000000000000","000000000000-0000",264,344
,,,,,,,,0,"000000000000","000000000000-0000",265,345
,,,,,,,,0,"000000000000","000000000000-0000",266,346
,,,,,,,,0,"000000000000","000000000000-0000",267,347
,,,,,,,,0,"000000000000","000000000000-0000",268,348
,,,,,,,,0,"000000000000","000000000000-0000",269,349
,,,,,,,,0,"000000000000","000000000000-0000",270,381
,,,,,,,,0,"000000000000","000000000000-0000",271,382
,,,,,,,,0,"000000000000","000000000000-0000",272,383
,,,,,,,,0,"000000000000","000000000000-0000",273,384
,,,,,,,,0,"000000000000","000000000000-0000",274,385
,,,,,,,,0,"000000000000","000000000000-0000",275,386
,,,,,,,,0,"000000000000","000000000000-0000",276,387
,,,,,,,,0,"000000000000","000000000000-0000",277,388
,,,,,,,,0,"000000000000","000000000000-0000",278,389
,,,,,,,,0,"000000000000","000000000000-0000",279,390
,,,,,,,,0,"000000000000","000000000000-0000",280,391
,,,,,,,,0,"000000000000","000000000000-0000",281,392
,,,,,,,,0,"000000000000","000000000000-0000",282,393
,,,,,,,,0,"000000000000","000000000000-0000",283,394
,,,,,,,,0,"000000000000","000000000000-0000",284,395
,,,,,,,,0,"000000000000","000000000000-0000",285,396
,,,,,,,,0,"000000000000","000000000000-0000",286,397
,,,,,,,,0,"000000000000","000000000000-0000",287,398
,,,,,,,,0,"000000000000","000000000000-0000",288,399
,,,,,,,,0,"000000000000","000000000000-0000",289,400
,,,,,,,,0,"000000000000","000000000000-0000",290,401
,,,,,,,,0,"000000000000","000000000000-0000",291,402
,,,,,,,,0,"000000000000","000000000000-0000",292,403
,,,,,,,,0,"000000000000","000000000000-0000",293,404
,,,,,,,,0,"000000000000","000000000000-0000",294,405
,,,,,,,,0,"000000000000","000000000000-0000",295,406
,,,,,,,,0,"000000000000","000000000000-0000",296,407
,,,,,,,,0,"000000000000","000000000000-0000",297,408
,,,,,,,,0,"000000000000","000000000000-0000",298,409
,,,,,,,,0,"000000000000","000000000000-0000",299,410
,,,,,,,,0,"000000000000","000000000000-0000",300,411
,,,,,,,,0,"000000000000","000000000000-0000",303,311
,,,,,,,,0,"000000000000","000000000000-0000",304,312
,,,,,,,,0,"000000000000","000000000000-0000",305,313
,,,,,,,,0,"000000000000","000000000000-0000",306,314
,,,,,,,,0,"000000000000","000000000000-0000",307,315
,,,,,,,,0,"000000000000","000000000000-0000",312,301
,,,,,,,,0,"000000000000","000000000000-0000",313,302
,,,,,,,,0,"000000000000","000000000000-0000",314,303
,,,,,,,,0,"000000000000","000000000000-0000",315,304
,,,,,,,,0,"000000000000","000000000000-0000",316,305
,,,,,,,,0,"000000000000","000000000000-0000",317,306
,,,,,,,,0,"000000000000","000000000000-0000",318,235
,,,,,,,,0,"000000000000","000000000000-0000",319,236
,,,,,,,,0,"000000000000","000000000000-0000",320,237
,,,,,,,,0,"000000000000","000000000000-0000",321,238
,,,,,,,,0,"000000000000","000000000000-0000",322,239
,,,,,,,,0,"000000000000","000000000000-0000",323,240
,,,,,,,,0,"000000000000","000000000000-0000",324,241
,,,,,,,,0,"000000000000","000000000000-0000",325,242
,,,,,,,,0,"000000000000","000000000000-0000",326,243
,,,,,,,,0,"000000000000","000000000000-0000",327,244
,,,,,,,,0,"000000000000","000000000000-0000",328,245
,,,,,,,,0,"000000000000","000000000000-0000",329,246
,,,,,,,,0,"000000000000","000000000000-0000",330,247
,,,,,,,,0,"000000000000","000000000000-0000",331,248
,,,,,,,,0,"000000000000","000000000000-0000",332,249
,,,,,,,,0,"000000000000","000000000000-0000",333,250
,,,,,,,,0,"000000000000","000000000000-0000",334,598
,,,,,,,,0,"000000000000","000000000000-0000",335,599
,,,,,,,,0,"000000000000","000000000000-0000",336,600
,,,,,,,,0,"000000000000","000000000000-0000",337,601
,,,,,,,,0,"000000000000","000000000000-0000",338,602
,,,,,,,,0,"000000000000","000000000000-0000",339,603
,,,,,,,,0,"000000000000","000000000000-0000",340,604
,,,,,,,,0,"000000000000","000000000000-0000",341,605
,,,,,,,,0,"000000000000","000000000000-0000",342,606
,,,,,,,,0,"000000000000","000000000000-0000",343,607
,,,,,,,,0,"000000000000","000000000000-0000",344,608
,,,,,,,,0,"000000000000","000000000000-0000",345,609
,,,,,,,,0,"000000000000","000000000000-0000",346,610
,,,,,,,,0,"000000000000","000000000000-0000",347,611
,,,,,,,,0,"000000000000","000000000000-0000",348,612
,,,,,,,,0,"000000000000","000000000000-0000",349,613
,,,,,,,,0,"000000000000","000000000000-0000",350,614
,,,,,,,,0,"000000000000","000000000000-0000",351,615
,,,,,,,,0,"000000000000","000000000000-0000",352,616
,,,,,,,,0,"000000000000","000000000000-0000",353,617
,,,,,,,,0,"000000000000","000000000000-0000",354,618
,,,,,,,,0,"000000000000","000000000000-0000",355,619
,,,,,,,,0,"000000000000","000000000000-0000",356,620
,,,,,,,,0,"000000000000","000000000000-0000",357,621
,,,,,,,,0,"000000000000","000000000000-0000",358,622
,,,,,,,,0,"000000000000","000000000000-0000",359,623
,,,,,,,,0,"000000000000","000000000000-0000",360,624
,,,,,,,,0,"000000000000","000000000000-0000",361,625
,,,,,,,,0,"000000000000","000000000000-0000",362,626
,,,,,,,,0,"000000000000","000000000000-0000",363,627
,,,,,,,,0,"000000000000","000000000000-0000",364,628
,,,,,,,,0,"000000000000","000000000000-0000",365,629
,,,,,,,,0,"000000000000","000000000000-0000",366,630
,,,,,,,,0,"000000000000","000000000000-0000",367,631
,,,,,,,,0,"000000000000","000000000000-0000",368,632
,,,,,,,,0,"000000000000","000000000000-0000",369,633
,,,,,,,,0,"000000000000","000000000000-0000",370,634
,,,,,,,,0,"000000000000","000000000000-0000",371,635
,,,,,,,,0,"000000000000","000000000000-0000",372,636
,,,,,,,,0,"000000000000","000000000000-0000",373,637
,,,,,,,,0,"000000000000","000000000000-0000",374,292
,,,,,,,,0,"000000000000","000000000000-0000",375,290
,,,,,,,,0,"000000000000","000000000000-0000",376,291
,,,,,,,,0,"000000000000","000000000000-0000",377,293
,,,,,,,,0,"000000000000","000000000000-0000",378,443
,,,,,,,,0,"000000000000","000000000000-0000",379,444
,,,,,,,,0,"000000000000","000000000000-0000",380,445
,,,,,,,,0,"000000000000","000000000000-0000",381,446
,,,,,,,,0,"000000000000","000000000000-0000",382,447
,,,,,,,,0,"000000000000","000000000000-0000",383,448
,,,,,,,,0,"000000000000","000000000000-0000",384,449
,,,,,,,,0,"000000000000","000000000000-0000",385,450
,,,,,,,,0,"000000000000","000000000000-0000",386,451
,,,,,,,,0,"000000000000","000000000000-0000",387,452
,,,,,,,,0,"000000000000","000000000000-0000",388,10
,,,,,,,,0,"000000000000","000000000000-0000",389,464
,,,,,,,,0,"000000000000","000000000000-0000",390,465
,,,,,,,,0,"000000000000","000000000000-0000",391,466
,,,,,,,,0,"000000000000","000000000000-0000",392,467
,,,,,,,,0,"000000000000","000000000000-0000",393,468
,,,,,,,,0,"000000000000","000000000000-0000",394,469
,,,,,,,,0,"000000000000","000000000000-0000",395,470
,,,,,,,,0,"000000000000","000000000000-0000",396,471
,,,,,,,,0,"000000000000","000000000000-0000",397,472
,,,,,,,,0,"000000000000","000000000000-0000",398,473
,,,,,,,,0,"000000000000","000000000000-0000",429,254
,,,,,,,,0,"000000000000","000000000000-0000",430,255
,,,,,,,,0,"000000000000","000000000000-0000",431,256
,,,,,,,,0,"000000000000","000000000000-0000",432,257
,,,,,,,,0,"000000000000","000000000000-0000",433,258
,,,,,,,,0,"000000000000","000000000000-0000",434,259
,,,,,,,,0,"000000000000","000000000000-0000",435,260
,,,,,,,,0,"000000000000","000000000000-0000",436,263
,,,,,,,,0,"000000000000","000000000000-0000",437,264
,,,,,,,,0,"000000000000","000000000000-0000",438,265
,,,,,,,,0,"000000000000","000000000000-0000",439,266
,,,,,,,,0,"000000000000","000000000000-0000",440,267
,,,,,,,,0,"000000000000","000000000000-0000",441,268
,,,,,,,,0,"000000000000","000000000000-0000",442,269
,,,,,,,,0,"000000000000","000000000000-0000",443,270
,,,,,,,,0,"000000000000","000000000000-0000",444,271
,,,,,,,,0,"000000000000","000000000000-0000",445,272
,,,,,,,,0,"000000000000","000000000000-0000",446,273
,,,,,,,,0,"000000000000","000000000000-0000",447,274
,,,,,,,,0,"000000000000","000000000000-0000",448,275
,,,,,,,,0,"000000000000","000000000000-0000",449,276
,,,,,,,,0,"000000000000","000000000000-0000",450,277
,,,,,,,,0,"000000000000","000000000000-0000",451,278
,,,,,,,,0,"000000000000","000000000000-0000",452,279
,,,,,,,,0,"000000000000","000000000000-0000",453,280
,,,,,,,,0,"000000000000","000000000000-0000",454,281
,,,,,,,,0,"000000000000","000000000000-0000",455,282
,,,,,,,,0,"000000000000","000000000000-0000",456,283
,,,,,,,,0,"000000000000","000000000000-0000",457,519
,,,,,,,,0,"000000000000","000000000000-0000",458,520
,,,,,,,,0,"000000000000","000000000000-0000",459,521
,,,,,,,,0,"000000000000","000000000000-0000",460,522
,,,,,,,,0,"000000000000","000000000000-0000",461,523
,,,,,,,,0,"000000000000","000000000000-0000",462,524
,,,,,,,,0,"000000000000","000000000000-0000",463,525
,,,,,,,,0,"000000000000","000000000000-0000",464,526
,,,,,,,,0,"000000000000","000000000000-0000",465,527
,,,,,,,,0,"000000000000","000000000000-0000",466,528
,,,,,,,,0,"000000000000","000000000000-0000",467,529
,,,,,,,,0,"000000000000","000000000000-0000",468,530
,,,,,,,,0,"000000000000","000000000000-0000",469,531
,,,,,,,,0,"000000000000","000000000000-0000",470,532
,,,,,,,,0,"000000000000","000000000000-0000",471,533
,,,,,,,,0,"000000000000","000000000000-0000",472,534
,,,,,,,,0,"000000000000","000000000000-0000",476,538
,,,,,,,,0,"000000000000","000000000000-0000",477,539
,,,,,,,,0,"000000000000","000000000000-0000",478,540
,,,,,,,,0,"000000000000","000000000000-0000",479,541
,,,,,,,,0,"000000000000","000000000000-0000",480,542
,,,,,,,,0,"000000000000","000000000000-0000",481,543
,,,,,,,,0,"000000000000","000000000000-0000",482,544
,,,,,,,,0,"000000000000","000000000000-0000",483,545
,,,,,,,,0,"000000000000","000000000000-0000",484,546
,,,,,,,,0,"000000000000","000000000000-0000",485,547
,,,,,,,,0,"000000000000","000000000000-0000",486,548
,,,,,,,,0,"000000000000","000000000000-0000",487,549
,,,,,,,,0,"000000000000","000000000000-0000",488,550
,,,,,,,,0,"000000000000","000000000000-0000",489,551
,,,,,,,,0,"000000000000","000000000000-0000",490,552
,,,,,,,,0,"000000000000","000000000000-0000",491,553
,,,,,,,,0,"000000000000","000000000000-0000",492,554
,,,,,,,,0,"000000000000","000000000000-0000",493,555
,,,,,,,,0,"000000000000","000000000000-0000",494,556
,,,,,,,,0,"000000000000","000000000000-0000",495,557
,,,,,,,,0,"000000000000","000000000000-0000",496,558
,,,,,,,,0,"000000000000","000000000000-0000",497,559
,,,,,,,,0,"000000000000","000000000000-0000",498,560
,,,,,,,,0,"000000000000","000000000000-0000",499,561
,,,,,,,,0,"000000000000","000000000000-0000",500,562
,,,,,,,,0,"000000000000","000000000000-0000",501,563
,,,,,,,,0,"000000000000","000000000000-0000",502,564
,,,,,,,,0,"000000000000","000000000000-0000",503,565
,,,,,,,,0,"000000000000","000000000000-0000",504,566
,,,,,,,,0,"000000000000","000000000000-0000",505,567
,,,,,,,,0,"000000000000","000000000000-0000",506,568
,,,,,,,,0,"000000000000","000000000000-0000",507,569
,,,,,,,,0,"000000000000","000000000000-0000",508,570
,,,,,,,,0,"000000000000","000000000000-0000",509,571
,,,,,,,,0,"000000000000","000000000000-0000",510,572
,,,,,,,,0,"000000000000","000000000000-0000",511,573
,,,,,,,,0,"000000000000","000000000000-0000",512,574
,,,,,,,,0,"000000000000","000000000000-0000",513,575
,,,,,,,,0,"000000000000","000000000000-0000",514,576
,,,,,,,,0,"000000000000","000000000000-0000",515,577
,,,,,,,,0,"000000000000","000000000000-0000",516,578
,,,,,,,,0,"000000000000","000000000000-0000",517,579
,,,,,,,,0,"000000000000","000000000000-0000",518,580
,,,,,,,,0,"000000000000","000000000000-0000",519,581
,,,,,,,,0,"000000000000","000000000000-0000",520,582
,,,,,,,,0,"000000000000","000000000000-0000",521,583
,,,,,,,,0,"000000000000","000000000000-0000",522,584
,,,,,,,,0,"000000000000","000000000000-0000",523,585
,,,,,,,,0,"000000000000","000000000000-0000",524,586
,,,,,,,,0,"000000000000","000000000000-0000",525,587
,,,,,,,,0,"000000000000","000000000000-0000",526,588
,,,,,,,,0,"000000000000","000000000000-0000",527,589
,,,,,,,,0,"000000000000","000000000000-0000",528,590
,,,,,,,,0,"000000000000","000000000000-0000",529,591
,,,,,,,,0,"000000000000","000000000000-0000",530,592
,,,,,,,,0,"000000000000","000000000000-0000",531,593
,,,,,,,,0,"000000000000","000000000000-0000",532,594
,,,,,,,,0,"000000000000","000000000000-0000",533,595
,,,,,,,,0,"000000000000","000000000000-0000",534,596
,,,,,,,,0,"000000000000","000000000000-0000",535,597
,,,,,,,,0,"000000000000","000000000000-0000",536,678
,,,,,,,,0,"000000000000","000000000000-0000",537,679
,,,,,,,,0,"000000000000","000000000000-0000",538,680
,,,,,,,,0,"000000000000","000000000000-0000",539,681
,,,,,,,,0,"000000000000","000000000000-0000",540,682
,,,,,,,,0,"000000000000","000000000000-0000",541,683
,,,,,,,,0,"000000000000","000000000000-0000",542,684
,,,,,,,,0,"000000000000","000000000000-0000",543,685
,,,,,,,,0,"000000000000","000000000000-0000",544,686
,,,,,,,,0,"000000000000","000000000000-0000",545,687
,,,,,,,,0,"000000000000","000000000000-0000",546,688
,,,,,,,,0,"000000000000","000000000000-0000",547,689
,,,,,,,,0,"000000000000","000000000000-0000",548,690
,,,,,,,,0,"000000000000","000000000000-0000",549,691
,,,,,,,,0,"000000000000","000000000000-0000",550,692
,,,,,,,,0,"000000000000","000000000000-0000",551,693
,,,,,,,,0,"000000000000","000000000000-0000",552,694
,,,,,,,,0,"000000000000","000000000000-0000",553,695
,,,,,,,,0,"000000000000","000000000000-0000",554,696
,,,,,,,,0,"000000000000","000000000000-0000",555,697
,,,,,,,,0,"000000000000","000000000000-0000",556,698
,,,,,,,,0,"000000000000","000000000000-0000",557,699
,,,,,,,,0,"000000000000","000000000000-0000",558,700
,,,,,,,,0,"000000000000","000000000000-0000",559,701
,,,,,,,,0,"000000000000","000000000000-0000",560,702
,,,,,,,,0,"000000000000","000000000000-0000",561,703
,,,,,,,,0,"000000000000","000000000000-0000",562,704
,,,,,,,,0,"000000000000","000000000000-0000",563,705
,,,,,,,,0,"000000000000","000000000000-0000",564,706
,,,,,,,,0,"000000000000","000000000000-0000",565,707
,,,,,,,,0,"000000000000","000000000000-0000",566,708
,,,,,,,,0,"000000000000","000000000000-0000",567,709
,,,,,,,,0,"000000000000","000000000000-0000",568,710
,,,,,,,,0,"000000000000","000000000000-0000",569,711
,,,,,,,,0,"000000000000","000000000000-0000",570,712
,,,,,,,,0,"000000000000","000000000000-0000",571,713
,,,,,,,,0,"000000000000","000000000000-0000",572,714
,,,,,,,,0,"000000000000","000000000000-0000",573,715
,,,,,,,,0,"000000000000","000000000000-0000",574,716
,,,,,,,,0,"000000000000","000000000000-0000",575,717
,,,,,,,,0,"000000000000","000000000000-0000",576,718
,,,,,,,,0,"000000000000","000000000000-0000",577,719
,,,,,,,,0,"000000000000","000000000000-0000",578,720
,,,,,,,,0,"000000000000","000000000000-0000",579,721
,,,,,,,,0,"000000000000","000000000000-0000",580,722
,,,,,,,,0,"000000000000","000000000000-0000",581,723
,,,,,,,,0,"000000000000","000000000000-0000",582,724
,,,,,,,,0,"000000000000","000000000000-0000",583,725
,,,,,,,,0,"000000000000","000000000000-0000",584,726
,,,,,,,,0,"000000000000","000000000000-0000",585,727
,,,,,,,,0,"000000000000","000000000000-0000",589,1295
,,,,,,,,0,"000000000000","000000000000-0000",590,1296
,,,,,,,,0,"000000000000","000000000000-0000",591,1297
,,,,,,,,0,"000000000000","000000000000-0000",592,1298
,,,,,,,,0,"000000000000","000000000000-0000",593,1299
,,,,,,,,0,"000000000000","000000000000-0000",594,1300
,,,,,,,,0,"000000000000","000000000000-0000",595,1301
,,,,,,,,0,"000000000000","000000000000-0000",596,1302
,,,,,,,,0,"000000000000","000000000000-0000",597,1303
,,,,,,,,0,"000000000000","000000000000-0000",598,1304
,,,,,,,,0,"000000000000","000000000000-0000",599,1305
,,,,,,,,0,"000000000000","000000000000-0000",600,1306
,,,,,,,,0,"000000000000","000000000000-0000",601,1307
,,,,,,,,0,"000000000000","000000000000-0000",602,1308
,,,,,,,,0,"000000000000","000000000000-0000",603,1309
,,,,,,,,0,"000000000000","000000000000-0000",604,1310
,,,,,,,,0,"000000000000","000000000000-0000",605,1311
,,,,,,,,0,"000000000000","000000000000-0000",606,1312
,,,,,,,,0,"000000000000","000000000000-0000",607,1313
,,,,,,,,0,"000000000000","000000000000-0000",608,1314
,,,,,,,,0,"000000000000","000000000000-0000",609,1315
,,,,,,,,0,"000000000000","000000000000-0000",610,1316
,,,,,,,,0,"000000000000","000000000000-0000",611,1317
,,,,,,,,0,"000000000000","000000000000-0000",612,1318
,,,,,,,,0,"000000000000","000000000000-0000",613,1319
,,,,,,,,0,"000000000000","000000000000-0000",614,1320
,,,,,,,,0,"000000000000","000000000000-0000",615,1321
,,,,,,,,0,"000000000000","000000000000-0000",616,1322
,,,,,,,,0,"000000000000","000000000000-0000",617,1323
,,,,,,,,0,"000000000000","000000000000-0000",618,1324
,,,,,,,,0,"000000000000","000000000000-0000",619,1325
,,,,,,,,0,"000000000000","000000000000-0000",620,1326
,,,,,,,,0,"000000000000","000000000000-0000",621,1327
,,,,,,,,0,"000000000000","000000000000-0000",622,1328
,,,,,,,,0,"000000000000","000000000000-0000",623,1329
,,,,,,,,0,"000000000000","000000000000-0000",624,1330
,,,,,,,,0,"000000000000","000000000000-0000",625,1331
,,,,,,,,0,"000000000000","000000000000-0000",626,1332
,,,,,,,,0,"000000000000","000000000000-0000",627,1333
,,,,,,,,0,"000000000000","000000000000-0000",628,1334
,,,,,,,,0,"000000000000","000000000000-0000",629,1335
,,,,,,,,0,"000000000000","000000000000-0000",630,1336
,,,,,,,,0,"000000000000","000000000000-0000",631,1337
,,,,,,,,0,"000000000000","000000000000-0000",632,1338
,,,,,,,,0,"000000000000","000000000000-0000",633,1339
,,,,,,,,0,"000000000000","000000000000-0000",634,1340
,,,,,,,,0,"000000000000","000000000000-0000",635,1341
,,,,,,,,0,"000000000000","000000000000-0000",636,1342
,,,,,,,,0,"000000000000","000000000000-0000",637,1343
,,,,,,,,0,"000000000000","000000000000-0000",638,1344
,,,,,,,,0,"000000000000","000000000000-0000",639,1345
,,,,,,,,0,"000000000000","000000000000-0000",640,1346
,,,,,,,,0,"000000000000","000000000000-0000",641,1347
,,,,,,,,0,"000000000000","000000000000-0000",642,1348
,,,,,,,,0,"000000000000","000000000000-0000",643,1349
,,,,,,,,0,"000000000000","000000000000-0000",644,1350
,,,,,,,,0,"000000000000","000000000000-0000",645,1351
,,,,,,,,0,"000000000000","000000000000-0000",646,1352
,,,,,,,,0,"000000000000","000000000000-0000",647,1353
,,,,,,,,0,"000000000000","000000000000-0000",648,1354
,,,,,,,,0,"000000000000","000000000000-0000",649,1355
,,,,,,,,0,"000000000000","000000000000-0000",650,1356
,,,,,,,,0,"000000000000","000000000000-0000",651,1357
,,,,,,,,0,"000000000000","000000000000-0000",652,1358
,,,,,,,,0,"000000000000","000000000000-0000",653,1359
,,,,,,,,0,"000000000000","000000000000-0000",654,1360
,,,,,,,,0,"000000000000","000000000000-0000",655,1361
,,,,,,,,0,"000000000000","000000000000-0000",656,1362
,,,,,,,,0,"000000000000","000000000000-0000",657,1363
,,,,,,,,0,"000000000000","000000000000-0000",658,1364
,,,,,,,,0,"000000000000","000000000000-0000",659,1365
,,,,,,,,0,"000000000000","000000000000-0000",660,1366
,,,,,,,,0,"000000000000","000000000000-0000",661,1367
,,,,,,,,0,"000000000000","000000000000-0000",662,1368
,,,,,,,,0,"000000000000","000000000000-0000",663,1369
,,,,,,,,0,"000000000000","000000000000-0000",664,1370
,,,,,,,,0,"000000000000","000000000000-0000",665,1371
,,,,,,,,0,"000000000000","000000000000-0000",666,1372
,,,,,,,,0,"000000000000","000000000000-0000",667,1373
,,,,,,,,0,"000000000000","000000000000-0000",668,1374
,,,,,,,,0,"000000000000","000000000000-0000",669,1375
,,,,,,,,0,"000000000000","000000000000-0000",670,1376
,,,,,,,,0,"000000000000","000000000000-0000",671,1377
,,,,,,,,0,"000000000000","000000000000-0000",672,1378
,,,,,,,,0,"000000000000","000000000000-0000",673,1379
,,,,,,,,0,"000000000000","000000000000-0000",674,1380
,,,,,,,,0,"000000000000","000000000000-0000",675,1381
,,,,,,,,0,"000000000000","000000000000-0000",676,1382
,,,,,,,,0,"000000000000","000000000000-0000",677,1383
,,,,,,,,0,"000000000000","000000000000-0000",678,1384
,,,,,,,,0,"000000000000","000000000000-0000",679,1385
,,,,,,,,0,"000000000000","000000000000-0000",680,1386
,,,,,,,,0,"000000000000","000000000000-0000",681,1387
,,,,,,,,0,"000000000000","000000000000-0000",682,1388
,,,,,,,,0,"000000000000","000000000000-0000",683,1389
,,,,,,,,0,"000000000000","000000000000-0000",684,1390
,,,,,,,,0,"000000000000","000000000000-0000",685,1391
,,,,,,,,0,"000000000000","000000000000-0000",686,1392
,,,,,,,,0,"000000000000","000000000000-0000",687,1393
,,,,,,,,0,"000000000000","000000000000-0000",688,1394
,,,,,,,,0,"000000000000","000000000000-0000",789,740
,,,,,,,,0,"000000000000","000000000000-0000",790,741
,,,,,,,,0,"000000000000","000000000000-0000",794,742
,,,,,,,,0,"000000000000","000000000000-0000",798,744
,,,,,,,,0,"000000000000","000000000000-0000",799,745
,,,,,,,,0,"000000000000","000000000000-0000",800,751
,,,,,,,,0,"000000000000","000000000000-0000",801,752
,,,,,,,,0,"000000000000","000000000000-0000",805,753
,,,,,,,,0,"000000000000","000000000000-0000",809,772
,,,,,,,,0,"000000000000","000000000000-0000",830,783
,,,,,,,,0,"000000000000","000000000000-0000",831,784
,,,,,,,,0,"000000000000","000000000000-0000",832,785
,,,,,,,,0,"000000000000","000000000000-0000",834,787
,,,,,,,,0,"000000000000","000000000000-0000",835,788
,,,,,,,,0,"000000000000","000000000000-0000",836,789
,,,,,,,,0,"000000000000","000000000000-0000",837,790
,,,,,,,,0,"000000000000","000000000000-0000",838,791
,,,,,,,,0,"000000000000","000000000000-0000",840,793
,,,,,,,,0,"000000000000","000000000000-0000",841,794
,,,,,,,,0,"000000000000","000000000000-0000",845,795
,,,,,,,,0,"000000000000","000000000000-0000",846,796
,,,,,,,,0,"000000000000","000000000000-0000",849,797
,,,,,,,,0,"000000000000","000000000000-0000",851,798
,,,,,,,,0,"000000000000","000000000000-0000",852,805
,,,,,,,,0,"000000000000","000000000000-0000",853,806
,,,,,,,,0,"000000000000","000000000000-0000",857,807
,,,,,,,,0,"000000000000","000000000000-0000",858,808
,,,,,,,,0,"000000000000","000000000000-0000",861,814
,,,,,,,,0,"000000000000","000000000000-0000",862,815
,,,,,,,,0,"000000000000","000000000000-0000",866,816
,,,,,,,,0,"000000000000","000000000000-0000",867,817
,,,,,,,,0,"000000000000","000000000000-0000",870,818
,,,,,,,,0,"000000000000","000000000000-0000",872,819
,,,,,,,,0,"000000000000","000000000000-0000",873,826
,,,,,,,,0,"000000000000","000000000000-0000",874,827
,,,,,,,,0,"000000000000","000000000000-0000",878,828
,,,,,,,,0,"000000000000","000000000000-0000",879,829
,,,,,,,,0,"000000000000","000000000000-0000",882,835
,,,,,,,,0,"000000000000","000000000000-0000",883,836
,,,,,,,,0,"000000000000","000000000000-0000",887,837
,,,,,,,,0,"000000000000","000000000000-0000",888,838
,,,,,,,,0,"000000000000","000000000000-0000",891,839
,,,,,,,,0,"000000000000","000000000000-0000",893,840
,,,,,,,,0,"000000000000","000000000000-0000",894,847
,,,,,,,,0,"000000000000","000000000000-0000",895,848
,,,,,,,,0,"000000000000","000000000000-0000",899,849
,,,,,,,,0,"000000000000","000000000000-0000",900,850
,,,,,,,,0,"000000000000","000000000000-0000",903,856
,,,,,,,,0,"000000000000","000000000000-0000",904,857
,,,,,,,,0,"000000000000","000000000000-0000",908,858
,,,,,,,,0,"000000000000","000000000000-0000",909,859
,,,,,,,,0,"000000000000","000000000000-0000",912,860
,,,,,,,,0,"000000000000","000000000000-0000",914,861
,,,,,,,,0,"000000000000","000000000000-0000",915,868
,,,,,,,,0,"000000000000","000000000000-0000",916,869
,,,,,,,,0,"000000000000","000000000000-0000",920,870
,,,,,,,,0,"000000000000","000000000000-0000",921,871
,,,,,,,,0,"000000000000","000000000000-0000",924,877
,,,,,,,,0,"000000000000","000000000000-0000",925,878
,,,,,,,,0,"000000000000","000000000000-0000",929,879
,,,,,,,,0,"000000000000","000000000000-0000",930,880
,,,,,,,,0,"000000000000","000000000000-0000",933,881
,,,,,,,,0,"000000000000","000000000000-0000",935,882
,,,,,,,,0,"000000000000","000000000000-0000",936,889
,,,,,,,,0,"000000000000","000000000000-0000",937,890
,,,,,,,,0,"000000000000","000000000000-0000",941,891
,,,,,,,,0,"000000000000","000000000000-0000",942,892
,,,,,,,,0,"000000000000","000000000000-0000",945,898
,,,,,,,,0,"000000000000","000000000000-0000",946,899
,,,,,,,,0,"000000000000","000000000000-0000",950,900
,,,,,,,,0,"000000000000","000000000000-0000",951,901
,,,,,,,,0,"000000000000","000000000000-0000",954,902
,,,,,,,,0,"000000000000","000000000000-0000",956,903
,,,,,,,,0,"000000000000","000000000000-0000",957,910
,,,,,,,,0,"000000000000","000000000000-0000",958,911
,,,,,,,,0,"000000000000","000000000000-0000",962,912
,,,,,,,,0,"000000000000","000000000000-0000",963,913
,,,,,,,,0,"000000000000","000000000000-0000",966,919
,,,,,,,,0,"000000000000","000000000000-0000",967,920
,,,,,,,,0,"000000000000","000000000000-0000",971,921
,,,,,,,,0,"000000000000","000000000000-0000",972,922
,,,,,,,,0,"000000000000","000000000000-0000",975,923
,,,,,,,,0,"000000000000","000000000000-0000",977,924
,,,,,,,,0,"000000000000","000000000000-0000",978,931
,,,,,,,,0,"000000000000","000000000000-0000",979,932
,,,,,,,,0,"000000000000","000000000000-0000",983,933
,,,,,,,,0,"000000000000","000000000000-0000",984,934
,,,,,,,,0,"000000000000","000000000000-0000",987,940
,,,,,,,,0,"000000000000","000000000000-0000",988,941
,,,,,,,,0,"000000000000","000000000000-0000",992,942
,,,,,,,,0,"000000000000","000000000000-0000",993,943
,,,,,,,,0,"000000000000","000000000000-0000",996,944
,,,,,,,,0,"000000000000","000000000000-0000",998,945
,,,,,,,,0,"000000000000","000000000000-0000",999,952
,,,,,,,,0,"000000000000","000000000000-0000",1000,953
,,,,,,,,0,"000000000000","000000000000-0000",1004,954
,,,,,,,,0,"000000000000","000000000000-0000",1005,955
,,,,,,,,0,"000000000000","000000000000-0000",1008,961
,,,,,,,,0,"000000000000","000000000000-0000",1009,962
,,,,,,,,0,"000000000000","000000000000-0000",1013,963
,,,,,,,,0,"000000000000","000000000000-0000",1014,964
,,,,,,,,0,"000000000000","000000000000-0000",1017,965
,,,,,,,,0,"000000000000","000000000000-0000",1019,966
,,,,,,,,0,"000000000000","000000000000-0000",1020,973
,,,,,,,,0,"000000000000","000000000000-0000",1021,974
,,,,,,,,0,"000000000000","000000000000-0000",1025,975
,,,,,,,,0,"000000000000","000000000000-0000",1026,976
,,,,,,,,0,"000000000000","000000000000-0000",1029,982
,,,,,,,,0,"000000000000","000000000000-0000",1030,983
,,,,,,,,0,"000000000000","000000000000-0000",1034,984
,,,,,,,,0,"000000000000","000000000000-0000",1035,985
,,,,,,,,0,"000000000000","000000000000-0000",1038,986
,,,,,,,,0,"000000000000","000000000000-0000",1040,987
,,,,,,,,0,"000000000000","000000000000-0000",1041,994
,,,,,,,,0,"000000000000","000000000000-0000",1042,995
,,,,,,,,0,"000000000000","000000000000-0000",1046,996
,,,,,,,,0,"000000000000","000000000000-0000",1047,997
,,,,,,,,0,"000000000000","000000000000-0000",1050,1003
,,,,,,,,0,"000000000000","000000000000-0000",1051,1004
,,,,,,,,0,"000000000000","000000000000-0000",1055,1005
,,,,,,,,0,"000000000000","000000000000-0000",1056,1006
,,,,,,,,0,"000000000000","000000000000-0000",1059,1007
,,,,,,,,0,"000000000000","000000000000-0000",1061,1008
,,,,,,,,0,"000000000000","000000000000-0000",1062,1015
,,,,,,,,0,"000000000000","000000000000-0000",1063,1016
,,,,,,,,0,"000000000000","000000000000-0000",1067,1017
,,,,,,,,0,"000000000000","000000000000-0000",1068,1018
,,,,,,,,0,"000000000000","000000000000-0000",1071,1024
,,,,,,,,0,"000000000000","000000000000-0000",1072,1025
,,,,,,,,0,"000000000000","000000000000-0000",1076,1026
,,,,,,,,0,"000000000000","000000000000-0000",1077,1027
,,,,,,,,0,"000000000000","000000000000-0000",1080,1028
,,,,,,,,0,"000000000000","000000000000-0000",1082,1029
,,,,,,,,0,"000000000000","000000000000-0000",1083,1036
,,,,,,,,0,"000000000000","000000000000-0000",1084,1037
,,,,,,,,0,"000000000000","000000000000-0000",1088,1038
,,,,,,,,0,"000000000000","000000000000-0000",1089,1039
,,,,,,,,0,"000000000000","000000000000-0000",1092,1045
,,,,,,,,0,"000000000000","000000000000-0000",1093,1046
,,,,,,,,0,"000000000000","000000000000-0000",1097,1047
,,,,,,,,0,"000000000000","000000000000-0000",1098,1048
,,,,,,,,0,"000000000000","000000000000-0000",1101,1049
,,,,,,,,0,"000000000000","000000000000-0000",1103,1050
,,,,,,,,0,"000000000000","000000000000-0000",1104,1057
,,,,,,,,0,"000000000000","000000000000-0000",1105,1058
,,,,,,,,0,"000000000000","000000000000-0000",1109,1059
,,,,,,,,0,"000000000000","000000000000-0000",1110,1060
,,,,,,,,0,"000000000000","000000000000-0000",1113,1066
,,,,,,,,0,"000000000000","000000000000-0000",1114,1067
,,,,,,,,0,"000000000000","000000000000-0000",1118,1068
,,,,,,,,0,"000000000000","000000000000-0000",1119,1069
,,,,,,,,0,"000000000000","000000000000-0000",1122,1070
,,,,,,,,0,"000000000000","000000000000-0000",1124,1071
,,,,,,,,0,"000000000000","000000000000-0000",1125,1078
,,,,,,,,0,"000000000000","000000000000-0000",1126,1079
,,,,,,,,0,"000000000000","000000000000-0000",1130,1080
,,,,,,,,0,"000000000000","000000000000-0000",1131,1081
,,,,,,,,0,"000000000000","000000000000-0000",1134,1087
,,,,,,,,0,"000000000000","000000000000-0000",1135,1088
,,,,,,,,0,"000000000000","000000000000-0000",1139,1089
,,,,,,,,0,"000000000000","000000000000-0000",1140,1090
,,,,,,,,0,"000000000000","000000000000-0000",1143,1091
,,,,,,,,0,"000000000000","000000000000-0000",1145,1092
,,,,,,,,0,"000000000000","000000000000-0000",1146,1099
,,,,,,,,0,"000000000000","000000000000-0000",1147,1100
,,,,,,,,0,"000000000000","000000000000-0000",1151,1101
,,,,,,,,0,"000000000000","000000000000-0000",1152,1102
,,,,,,,,0,"000000000000","000000000000-0000",1155,1108
,,,,,,,,0,"000000000000","000000000000-0000",1156,1109
,,,,,,,,0,"000000000000","000000000000-0000",1160,1110
,,,,,,,,0,"000000000000","000000000000-0000",1161,1111
,,,,,,,,0,"000000000000","000000000000-0000",1164,1112
,,,,,,,,0,"000000000000","000000000000-0000",1166,1113
,,,,,,,,0,"000000000000","000000000000-0000",1167,1120
,,,,,,,,0,"000000000000","000000000000-0000",1168,1121
,,,,,,,,0,"000000000000","000000000000-0000",1172,1122
,,,,,,,,0,"000000000000","000000000000-0000",1173,1123
,,,,,,,,0,"000000000000","000000000000-0000",1176,1129
,,,,,,,,0,"000000000000","000000000000-0000",1177,1130
,,,,,,,,0,"000000000000","000000000000-0000",1181,1131
,,,,,,,,0,"000000000000","000000000000-0000",1182,1132
,,,,,,,,0,"000000000000","000000000000-0000",1185,1133
,,,,,,,,0,"000000000000","000000000000-0000",1187,1134
,,,,,,,,0,"000000000000","000000000000-0000",1188,1141
,,,,,,,,0,"000000000000","000000000000-0000",1189,1142
,,,,,,,,0,"000000000000","000000000000-0000",1193,1143
,,,,,,,,0,"000000000000","000000000000-0000",1194,1144
,,,,,,,,0,"000000000000","000000000000-0000",1197,1150
,,,,,,,,0,"000000000000","000000000000-0000",1198,1151
,,,,,,,,0,"000000000000","000000000000-0000",1202,1152
,,,,,,,,0,"000000000000","000000000000-0000",1203,1153
,,,,,,,,0,"000000000000","000000000000-0000",1206,1154
,,,,,,,,0,"000000000000","000000000000-0000",1208,1155
,,,,,,,,0,"000000000000","000000000000-0000",1209,1162
,,,,,,,,0,"000000000000","000000000000-0000",1210,1163
,,,,,,,,0,"000000000000","000000000000-0000",1214,1164
,,,,,,,,0,"000000000000","000000000000-0000",1215,1165
,,,,,,,,0,"000000000000","000000000000-0000",1218,1171
,,,,,,,,0,"000000000000","000000000000-0000",1219,1172
,,,,,,,,0,"000000000000","000000000000-0000",1223,1173
,,,,,,,,0,"000000000000","000000000000-0000",1224,1174
,,,,,,,,0,"000000000000","000000000000-0000",1227,1175
,,,,,,,,0,"000000000000","000000000000-0000",1229,1176
,,,,,,,,0,"000000000000","000000000000-0000",1230,1183
,,,,,,,,0,"000000000000","000000000000-0000",1231,1184
,,,,,,,,0,"000000000000","000000000000-0000",1235,1185
,,,,,,,,0,"000000000000","000000000000-0000",1236,1186
,,,,,,,,0,"000000000000","000000000000-0000",1239,1192
,,,,,,,,0,"000000000000","000000000000-0000",1240,1193
,,,,,,,,0,"000000000000","000000000000-0000",1244,1194
,,,,,,,,0,"000000000000","000000000000-0000",1245,1195
,,,,,,,,0,"000000000000","000000000000-0000",1248,1196
,,,,,,,,0,"000000000000","000000000000-0000",1250,1197
,,,,,,,,0,"000000000000","000000000000-0000",1251,1204
,,,,,,,,0,"000000000000","000000000000-0000",1252,1205
,,,,,,,,0,"000000000000","000000000000-0000",1256,1206
,,,,,,,,0,"000000000000","000000000000-0000",1257,1207
,,,,,,,,0,"000000000000","000000000000-0000",1260,1213
,,,,,,,,0,"000000000000","000000000000-0000",1262,1214
,,,,,,,,0,"000000000000","000000000000-0000",1264,1215
,,,,,,,,0,"000000000000","000000000000-0000",1266,1216
,,,,,,,,0,"000000000000","000000000000-0000",1268,1217
,,,,,,,,0,"000000000000","000000000000-0000",1270,1223
,,,,,,,,0,"000000000000","000000000000-0000",1271,1224
,,,,,,,,0,"000000000000","000000000000-0000",1272,1225
,,,,,,,,0,"000000000000","000000000000-0000",1273,1226
,,,,,,,,0,"000000000000","000000000000-0000",1274,1227
,,,,,,,,0,"000000000000","000000000000-0000",1275,1228
,,,,,,,,0,"000000000000","000000000000-0000",1276,1229
,,,,,,,,0,"000000000000","000000000000-0000",1279,1236
,,,,,,,,0,"000000000000","000000000000-0000",1280,1237
,,,,,,,,0,"000000000000","000000000000-0000",1283,1395
,,,,,,,,0,"000000000000","000000000000-0000",1284,1396
,,,,,,,,0,"000000000000","000000000000-0000",1285,1397
,,,,,,,,0,"000000000000","000000000000-0000",1286,1398
,,,,,,,,0,"000000000000","000000000000-0000",1287,1399
,,,,,,,,0,"000000000000","000000000000-0000",1288,350
,,,,,,,,0,"000000000000","000000000000-0000",1289,351
,,,,,,,,0,"000000000000","000000000000-0000",1290,352
,,,,,,,,0,"000000000000","000000000000-0000",1291,353
,,,,,,,,0,"000000000000","000000000000-0000",1292,354
,,,,,,,,0,"000000000000","000000000000-0000",1293,355
,,,,,,,,0,"000000000000","000000000000-0000",1294,356
,,,,,,,,0,"000000000000","000000000000-0000",1295,357
,,,,,,,,0,"000000000000","000000000000-0000",1296,358
,,,,,,,,0,"000000000000","000000000000-0000",1297,359
,,,,,,,,0,"000000000000","000000000000-0000",1298,360
,,,,,,,,0,"000000000000","000000000000-0000",1299,361
,,,,,,,,0,"000000000000","000000000000-0000",1300,362
,,,,,,,,0,"000000000000","000000000000-0000",1301,363
,,,,,,,,0,"000000000000","000000000000-0000",1302,364
,,,,,,,,0,"000000000000","000000000000-0000",1303,365
,,,,,,,,0,"000000000000","000000000000-0000",1304,366
,,,,,,,,0,"000000000000","000000000000-0000",1305,367
,,,,,,,,0,"000000000000","000000000000-0000",1306,368
,,,,,,,,0,"000000000000","000000000000-0000",1307,369
,,,,,,,,0,"000000000000","000000000000-0000",1308,370
,,,,,,,,0,"000000000000","000000000000-0000",1309,371
,,,,,,,,0,"000000000000","000000000000-0000",1310,372
,,,,,,,,0,"000000000000","000000000000-0000",1311,373
,,,,,,,,0,"000000000000","000000000000-0000",1312,374
,,,,,,,,0,"000000000000","000000000000-0000",1313,375
,,,,,,,,0,"000000000000","000000000000-0000",1314,376
,,,,,,,,0,"000000000000","000000000000-0000",1315,377
,,,,,,,,0,"000000000000","000000000000-0000",1316,378
,,,,,,,,0,"000000000000","000000000000-0000",1317,379
,,,,,,,,0,"000000000000","000000000000-0000",1318,380
,,,,,,,,0,"000000000000","000000000000-0000",1319,412
,,,,,,,,0,"000000000000","000000000000-0000",1320,413
,,,,,,,,0,"000000000000","000000000000-0000",1321,414
,,,,,,,,0,"000000000000","000000000000-0000",1322,415
,,,,,,,,0,"000000000000","000000000000-0000",1323,416
,,,,,,,,0,"000000000000","000000000000-0000",1324,417
,,,,,,,,0,"000000000000","000000000000-0000",1325,418
,,,,,,,,0,"000000000000","000000000000-0000",1326,419
,,,,,,,,0,"000000000000","000000000000-0000",1327,420
,,,,,,,,0,"000000000000","000000000000-0000",1328,421
,,,,,,,,0,"000000000000","000000000000-0000",1329,422
,,,,,,,,0,"000000000000","000000000000-0000",1330,423
,,,,,,,,0,"000000000000","000000000000-0000",1331,424
,,,,,,,,0,"000000000000","000000000000-0000",1332,425
,,,,,,,,0,"000000000000","000000000000-0000",1333,426
,,,,,,,,0,"000000000000","000000000000-0000",1334,427
,,,,,,,,0,"000000000000","000000000000-0000",1335,428
,,,,,,,,0,"000000000000","000000000000-0000",1336,429
,,,,,,,,0,"000000000000","000000000000-0000",1337,430
,,,,,,,,0,"000000000000","000000000000-0000",1338,431
,,,,,,,,0,"000000000000","000000000000-0000",1339,432
,,,,,,,,0,"000000000000","000000000000-0000",1340,433
,,,,,,,,0,"000000000000","000000000000-0000",1341,434
,,,,,,,,0,"000000000000","000000000000-0000",1342,435
,,,,,,,,0,"000000000000","000000000000-0000",1343,436
,,,,,,,,0,"000000000000","000000000000-0000",1344,437
,,,,,,,,0,"000000000000","000000000000-0000",1345,438
,,,,,,,,0,"000000000000","000000000000-0000",1346,439
,,,,,,,,0,"000000000000","000000000000-0000",1347,440
,,,,,,,,0,"000000000000","000000000000-0000",1348,441
,,,,,,,,0,"000000000000","000000000000-0000",1349,442
,,,,,,,,0,"000000000000","000000000000-0000",1351,173
,,,,,,,,0,"000000000000","000000000000-0000",1352,174
,,,,,,,,0,"000000000000","000000000000-0000",1353,175
,,,,,,,,0,"000000000000","000000000000-0000",1354,176
,,,,,,,,0,"000000000000","000000000000-0000",1355,177
,,,,,,,,0,"000000000000","000000000000-0000",1364,35
,,,,,,,,0,"000000000000","000000000000-0000",1365,36
,,,,,,,,0,"000000000000","000000000000-0000",1366,37
,,,,,,,,0,"000000000000","000000000000-0000",1367,38
,,,,,,,,0,"000000000000","000000000000-0000",1368,39
,,,,,,,,0,"000000000000","000000000000-0000",1369,40
,,,,,,,,0,"000000000000","000000000000-0000",1370,41
,,,,,,,,0,"000000000000","000000000000-0000",1371,42
,,,,,,,,0,"000000000000","000000000000-0000",1372,43
,,,,,,,,0,"000000000000","000000000000-0000",1373,44
,,,,,,,,0,"000000000000","000000000000-0000",1374,45
,,,,,,,,0,"000000000000","000000000000-0000",1375,46
,,,,,,,,0,"000000000000","000000000000-0000",1376,47
,,,,,,,,0,"000000000000","000000000000-0000",1377,48
,,,,,,,,0,"000000000000","000000000000-0000",1378,49
,,,,,,,,0,"000000000000","000000000000-0000",1379,50
,,,,,,,,0,"000000000000","000000000000-0000",1380,51
,,,,,,,,0,"000000000000","000000000000-0000",1381,52
,,,,,,,,0,"000000000000","000000000000-0000",1382,53
,,,,,,,,0,"000000000000","000000000000-0000",1383,54
,,,,,,,,0,"000000000000","000000000000-0000",1384,55
,,,,,,,,0,"000000000000","000000000000-0000",1385,56
,,,,,,,,0,"000000000000","000000000000-0000",1386,67
,,,,,,,,0,"000000000000","000000000000-0000",1387,68
,,,,,,,,0,"000000000000","000000000000-0000",1388,69
,,,,,,,,0,"000000000000","000000000000-0000",1389,70
,,,,,,,,0,"000000000000","000000000000-0000",1390,71
,,,,,,,,0,"000000000000","000000000000-0000",1391,72
,,,,,,,,0,"000000000000","000000000000-0000",1392,73
,,,,,,,,0,"000000000000","000000000000-0000",1393,74
,,,,,,,,0,"000000000000","000000000000-0000",1394,75
,,,,,,,,0,"000000000000","000000000000-0000",1395,76
,,,,,,,,0,"000000000000","000000000000-0000",1396,1439
,,,,,,,,0,"000000000000","000000000000-0000",1397,163
,,,,,,,,0,"000000000000","000000000000-0000",1398,1411
,,,,,,,,0,"000000000000","000000000000-0000",1399,1412
,,,,,,,,0,"000000000000","000000000000-0000",1400,1413
,,,,,,,,0,"000000000000","000000000000-0000",1401,1414
,,,,,,,,0,"000000000000","000000000000-0000",1402,1415
,,,,,,,,0,"000000000000","000000000000-0000",1403,1416
,,,,,,,,0,"000000000000","000000000000-0000",1404,1417
,,,,,,,,0,"000000000000","000000000000-0000",1405,1418
,,,,,,,,0,"000000000000","000000000000-0000",1406,1419
,,,,,,,,0,"000000000000","000000000000-0000",1407,1420
,,,,,,,,0,"000000000000","000000000000-0000",1408,1421
,,,,,,,,0,"000000000000","000000000000-0000",1409,1422
,,,,,,,,0,"000000000000","000000000000-0000",1410,1423
,,,,,,,,0,"000000000000","000000000000-0000",1411,1424
,,,,,,,,0,"000000000000","000000000000-0000",1412,1425
,,,,,,,,0,"000000000000","000000000000-0000",1413,1426
,,,,,,,,0,"000000000000","000000000000-0000",1414,1427
,,,,,,,,0,"000000000000","000000000000-0000",1415,1428
,,,,,,,,0,"000000000000","000000000000-0000",1416,1429
,,,,,,,,0,"000000000000","000000000000-0000",1417,1430
,,,,,,,,0,"000000000000","000000000000-0000",1420,307
,,,,,,,,0,"000000000000","000000000000-0000",1421,308
,,,,,,,,0,"000000000000","000000000000-0000",1422,309
,,,,,,,,0,"000000000000","000000000000-0000",1423,310
,,,,,,,,0,"000000000000","000000000000-0000",1424,746
,,,,,,,,0,"000000000000","000000000000-0000",1425,747
,,,,,,,,0,"000000000000","000000000000-0000",1426,748
,,,,,,,,0,"000000000000","000000000000-0000",1427,749
,,,,,,,,0,"000000000000","000000000000-0000",1428,750
,,,,,,,,0,"000000000000","000000000000-0000",1429,755
,,,,,,,,0,"000000000000","000000000000-0000",1430,756
,,,,,,,,0,"000000000000","000000000000-0000",1431,757
,,,,,,,,0,"000000000000","000000000000-0000",1432,758
,,,,,,,,0,"000000000000","000000000000-0000",1433,759
,,,,,,,,0,"000000000000","000000000000-0000",1434,760
,,,,,,,,0,"000000000000","000000000000-0000",1435,761
,,,,,,,,0,"000000000000","000000000000-0000",1436,762
,,,,,,,,0,"000000000000","000000000000-0000",1437,763
,,,,,,,,0,"000000000000","000000000000-0000",1438,764
,,,,,,,,0,"000000000000","000000000000-0000",1439,765
,,,,,,,,0,"000000000000","000000000000-0000",1440,766
,,,,,,,,0,"000000000000","000000000000-0000",1441,767
,,,,,,,,0,"000000000000","000000000000-0000",1442,768
,,,,,,,,0,"000000000000","000000000000-0000",1443,769
,,,,,,,,0,"000000000000","000000000000-0000",1444,770
,,,,,,,,0,"000000000000","000000000000-0000",1445,771
,,,,,,,,0,"000000000000","000000000000-0000",1446,799
,,,,,,,,0,"000000000000","000000000000-0000",1447,800
,,,,,,,,0,"000000000000","000000000000-0000",1448,801
,,,,,,,,0,"000000000000","000000000000-0000",1449,802
,,,,,,,,0,"000000000000","000000000000-0000",1450,803
,,,,,,,,0,"000000000000","000000000000-0000",1451,804
,,,,,,,,0,"000000000000","000000000000-0000",1452,809
,,,,,,,,0,"000000000000","000000000000-0000",1453,810
,,,,,,,,0,"000000000000","000000000000-0000",1454,811
,,,,,,,,0,"000000000000","000000000000-0000",1455,812
,,,,,,,,0,"000000000000","000000000000-0000",1456,813
,,,,,,,,0,"000000000000","000000000000-0000",1457,820
,,,,,,,,0,"000000000000","000000000000-0000",1458,821
,,,,,,,,0,"000000000000","000000000000-0000",1459,822
,,,,,,,,0,"000000000000","000000000000-0000",1460,823
,,,,,,,,0,"000000000000","000000000000-0000",1461,824
,,,,,,,,0,"000000000000","000000000000-0000",1462,825
,,,,,,,,0,"000000000000","000000000000-0000",1463,830
,,,,,,,,0,"000000000000","000000000000-0000",1464,831
,,,,,,,,0,"000000000000","000000000000-0000",1465,832
,,,,,,,,0,"000000000000","000000000000-0000",1466,833
,,,,,,,,0,"000000000000","000000000000-0000",1467,834
,,,,,,,,0,"000000000000","000000000000-0000",1468,841
,,,,,,,,0,"000000000000","000000000000-0000",1469,842
,,,,,,,,0,"000000000000","000000000000-0000",1470,843
,,,,,,,,0,"000000000000","000000000000-0000",1471,844
,,,,,,,,0,"000000000000","000000000000-0000",1472,845
,,,,,,,,0,"000000000000","000000000000-0000",1473,846
,,,,,,,,0,"000000000000","000000000000-0000",1474,851
,,,,,,,,0,"000000000000","000000000000-0000",1475,852
,,,,,,,,0,"000000000000","000000000000-0000",1476,853
,,,,,,,,0,"000000000000","000000000000-0000",1477,854
,,,,,,,,0,"000000000000","000000000000-0000",1478,855
,,,,,,,,0,"000000000000","000000000000-0000",1479,862
,,,,,,,,0,"000000000000","000000000000-0000",1480,863
,,,,,,,,0,"000000000000","000000000000-0000",1481,864
,,,,,,,,0,"000000000000","000000000000-0000",1482,865
,,,,,,,,0,"000000000000","000000000000-0000",1483,866
,,,,,,,,0,"000000000000","000000000000-0000",1484,867
,,,,,,,,0,"000000000000","000000000000-0000",1485,872
,,,,,,,,0,"000000000000","000000000000-0000",1486,873
,,,,,,,,0,"000000000000","000000000000-0000",1487,874
,,,,,,,,0,"000000000000","000000000000-0000",1488,875
,,,,,,,,0,"000000000000","000000000000-0000",1489,876
,,,,,,,,0,"000000000000","000000000000-0000",1490,883
,,,,,,,,0,"000000000000","000000000000-0000",1491,884
,,,,,,,,0,"000000000000","000000000000-0000",1492,885
,,,,,,,,0,"000000000000","000000000000-0000",1493,886
,,,,,,,,0,"000000000000","000000000000-0000",1494,887
,,,,,,,,0,"000000000000","000000000000-0000",1495,888
,,,,,,,,0,"000000000000","000000000000-0000",1496,893
,,,,,,,,0,"000000000000","000000000000-0000",1497,894
,,,,,,,,0,"000000000000","000000000000-0000",1498,895
,,,,,,,,0,"000000000000","000000000000-0000",1499,896
,,,,,,,,0,"000000000000","000000000000-0000",1500,897
,,,,,,,,0,"000000000000","000000000000-0000",1501,904
,,,,,,,,0,"000000000000","000000000000-0000",1502,905
,,,,,,,,0,"000000000000","000000000000-0000",1503,906
,,,,,,,,0,"000000000000","000000000000-0000",1504,907
,,,,,,,,0,"000000000000","000000000000-0000",1505,908
,,,,,,,,0,"000000000000","000000000000-0000",1506,909
,,,,,,,,0,"000000000000","000000000000-0000",1507,914
,,,,,,,,0,"000000000000","000000000000-0000",1508,915
,,,,,,,,0,"000000000000","000000000000-0000",1509,916
,,,,,,,,0,"000000000000","000000000000-0000",1510,917
,,,,,,,,0,"000000000000","000000000000-0000",1511,918
,,,,,,,,0,"000000000000","000000000000-0000",1512,925
,,,,,,,,0,"000000000000","000000000000-0000",1513,926
,,,,,,,,0,"000000000000","000000000000-0000",1514,927
,,,,,,,,0,"000000000000","000000000000-0000",1515,928
,,,,,,,,0,"000000000000","000000000000-0000",1516,929
,,,,,,,,0,"000000000000","000000000000-0000",1517,930
,,,,,,,,0,"000000000000","000000000000-0000",1518,935
,,,,,,,,0,"000000000000","000000000000-0000",1519,936
,,,,,,,,0,"000000000000","000000000000-0000",1520,937
,,,,,,,,0,"000000000000","000000000000-0000",1521,938
,,,,,,,,0,"000000000000","000000000000-0000",1522,939
,,,,,,,,0,"000000000000","000000000000-0000",1523,946
,,,,,,,,0,"000000000000","000000000000-0000",1524,947
,,,,,,,,0,"000000000000","000000000000-0000",1525,948
,,,,,,,,0,"000000000000","000000000000-0000",1526,949
,,,,,,,,0,"000000000000","000000000000-0000",1527,950
,,,,,,,,0,"000000000000","000000000000-0000",1528,951
,,,,,,,,0,"000000000000","000000000000-0000",1529,956
,,,,,,,,0,"000000000000","000000000000-0000",1530,957
,,,,,,,,0,"000000000000","000000000000-0000",1531,958
,,,,,,,,0,"000000000000","000000000000-0000",1532,959
,,,,,,,,0,"000000000000","000000000000-0000",1533,960
,,,,,,,,0,"000000000000","000000000000-0000",1534,967
,,,,,,,,0,"000000000000","000000000000-0000",1535,968
,,,,,,,,0,"000000000000","000000000000-0000",1536,969
,,,,,,,,0,"000000000000","000000000000-0000",1537,970
,,,,,,,,0,"000000000000","000000000000-0000",1538,971
,,,,,,,,0,"000000000000","000000000000-0000",1539,972
,,,,,,,,0,"000000000000","000000000000-0000",1540,977
,,,,,,,,0,"000000000000","000000000000-0000",1541,978
,,,,,,,,0,"000000000000","000000000000-0000",1542,979
,,,,,,,,0,"000000000000","000000000000-0000",1543,980
,,,,,,,,0,"000000000000","000000000000-0000",1544,981
,,,,,,,,0,"000000000000","000000000000-0000",1545,988
,,,,,,,,0,"000000000000","000000000000-0000",1546,989
,,,,,,,,0,"000000000000","000000000000-0000",1547,990
,,,,,,,,0,"000000000000","000000000000-0000",1548,991
,,,,,,,,0,"000000000000","000000000000-0000",1549,992
,,,,,,,,0,"000000000000","000000000000-0000",1550,993
,,,,,,,,0,"000000000000","000000000000-0000",1551,998
,,,,,,,,0,"000000000000","000000000000-0000",1552,999
,,,,,,,,0,"000000000000","000000000000-0000",1553,1000
,,,,,,,,0,"000000000000","000000000000-0000",1554,1001
,,,,,,,,0,"000000000000","000000000000-0000",1555,1002
,,,,,,,,0,"000000000000","000000000000-0000",1556,1009
,,,,,,,,0,"000000000000","000000000000-0000",1557,1010
,,,,,,,,0,"000000000000","000000000000-0000",1558,1011
,,,,,,,,0,"000000000000","000000000000-0000",1559,1012
,,,,,,,,0,"000000000000","000000000000-0000",1560,1013
,,,,,,,,0,"000000000000","000000000000-0000",1561,1014
,,,,,,,,0,"000000000000","000000000000-0000",1562,1019
,,,,,,,,0,"000000000000","000000000000-0000",1563,1020
,,,,,,,,0,"000000000000","000000000000-0000",1564,1021
,,,,,,,,0,"000000000000","000000000000-0000",1565,1022
,,,,,,,,0,"000000000000","000000000000-0000",1566,1023
,,,,,,,,0,"000000000000","000000000000-0000",1567,1030
,,,,,,,,0,"000000000000","000000000000-0000",1568,1031
,,,,,,,,0,"000000000000","000000000000-0000",1569,1032
,,,,,,,,0,"000000000000","000000000000-0000",1570,1033
,,,,,,,,0,"000000000000","000000000000-0000",1571,1034
,,,,,,,,0,"000000000000","000000000000-0000",1572,1035
,,,,,,,,0,"000000000000","000000000000-0000",1573,1040
,,,,,,,,0,"000000000000","000000000000-0000",1574,1041
,,,,,,,,0,"000000000000","000000000000-0000",1575,1042
,,,,,,,,0,"000000000000","000000000000-0000",1576,1043
,,,,,,,,0,"000000000000","000000000000-0000",1577,1044
,,,,,,,,0,"000000000000","000000000000-0000",1578,1051
,,,,,,,,0,"000000000000","000000000000-0000",1579,1052
,,,,,,,,0,"000000000000","000000000000-0000",1580,1053
,,,,,,,,0,"000000000000","000000000000-0000",1581,1054
,,,,,,,,0,"000000000000","000000000000-0000",1582,1055
,,,,,,,,0,"000000000000","000000000000-0000",1583,1056
,,,,,,,,0,"000000000000","000000000000-0000",1584,1061
,,,,,,,,0,"000000000000","000000000000-0000",1585,1062
,,,,,,,,0,"000000000000","000000000000-0000",1586,1063
,,,,,,,,0,"000000000000","000000000000-0000",1587,1064
,,,,,,,,0,"000000000000","000000000000-0000",1588,1065
,,,,,,,,0,"000000000000","000000000000-0000",1589,1072
,,,,,,,,0,"000000000000","000000000000-0000",1590,1073
,,,,,,,,0,"000000000000","000000000000-0000",1591,1074
,,,,,,,,0,"000000000000","000000000000-0000",1592,1075
,,,,,,,,0,"000000000000","000000000000-0000",1593,1076
,,,,,,,,0,"000000000000","000000000000-0000",1594,1077
,,,,,,,,0,"000000000000","000000000000-0000",1595,1082
,,,,,,,,0,"000000000000","000000000000-0000",1596,1083
,,,,,,,,0,"000000000000","000000000000-0000",1597,1084
,,,,,,,,0,"000000000000","000000000000-0000",1598,1085
,,,,,,,,0,"000000000000","000000000000-0000",1599,1086
,,,,,,,,0,"000000000000","000000000000-0000",1600,1093
,,,,,,,,0,"000000000000","000000000000-0000",1601,1094
,,,,,,,,0,"000000000000","000000000000-0000",1602,1095
,,,,,,,,0,"000000000000","000000000000-0000",1603,1096
,,,,,,,,0,"000000000000","000000000000-0000",1604,1097
,,,,,,,,0,"000000000000","000000000000-0000",1605,1098
,,,,,,,,0,"000000000000","000000000000-0000",1606,1103
,,,,,,,,0,"000000000000","000000000000-0000",1607,1104
,,,,,,,,0,"000000000000","000000000000-0000",1608,1105
,,,,,,,,0,"000000000000","000000000000-0000",1609,1106
,,,,,,,,0,"000000000000","000000000000-0000",1610,1107
,,,,,,,,0,"000000000000","000000000000-0000",1611,1114
,,,,,,,,0,"000000000000","000000000000-0000",1612,1115
,,,,,,,,0,"000000000000","000000000000-0000",1613,1116
,,,,,,,,0,"000000000000","000000000000-0000",1614,1117
,,,,,,,,0,"000000000000","000000000000-0000",1615,1118
,,,,,,,,0,"000000000000","000000000000-0000",1616,1119
,,,,,,,,0,"000000000000","000000000000-0000",1617,1124
,,,,,,,,0,"000000000000","000000000000-0000",1618,1125
,,,,,,,,0,"000000000000","000000000000-0000",1619,1126
,,,,,,,,0,"000000000000","000000000000-0000",1620,1127
,,,,,,,,0,"000000000000","000000000000-0000",1621,1128
,,,,,,,,0,"000000000000","000000000000-0000",1622,1135
,,,,,,,,0,"000000000000","000000000000-0000",1623,1136
,,,,,,,,0,"000000000000","000000000000-0000",1624,1137
,,,,,,,,0,"000000000000","000000000000-0000",1625,1138
,,,,,,,,0,"000000000000","000000000000-0000",1626,1139
,,,,,,,,0,"000000000000","000000000000-0000",1627,1140
,,,,,,,,0,"000000000000","000000000000-0000",1628,1145
,,,,,,,,0,"000000000000","000000000000-0000",1629,1146
,,,,,,,,0,"000000000000","000000000000-0000",1630,1147
,,,,,,,,0,"000000000000","000000000000-0000",1631,1148
,,,,,,,,0,"000000000000","000000000000-0000",1632,1149
,,,,,,,,0,"000000000000","000000000000-0000",1633,1156
,,,,,,,,0,"000000000000","000000000000-0000",1634,1157
,,,,,,,,0,"000000000000","000000000000-0000",1635,1158
,,,,,,,,0,"000000000000","000000000000-0000",1636,1159
,,,,,,,,0,"000000000000","000000000000-0000",1637,1160
,,,,,,,,0,"000000000000","000000000000-0000",1638,1161
,,,,,,,,0,"000000000000","000000000000-0000",1639,1166
,,,,,,,,0,"000000000000","000000000000-0000",1640,1167
,,,,,,,,0,"000000000000","000000000000-0000",1641,1168
,,,,,,,,0,"000000000000","000000000000-0000",1642,1169
,,,,,,,,0,"000000000000","000000000000-0000",1643,1170
,,,,,,,,0,"000000000000","000000000000-0000",1644,1177
,,,,,,,,0,"000000000000","000000000000-0000",1645,1178
,,,,,,,,0,"000000000000","000000000000-0000",1646,1179
,,,,,,,,0,"000000000000","000000000000-0000",1647,1180
,,,,,,,,0,"000000000000","000000000000-0000",1648,1181
,,,,,,,,0,"000000000000","000000000000-0000",1649,1182
,,,,,,,,0,"000000000000","000000000000-0000",1650,1187
,,,,,,,,0,"000000000000","000000000000-0000",1651,1188
,,,,,,,,0,"000000000000","000000000000-0000",1652,1189
,,,,,,,,0,"000000000000","000000000000-0000",1653,1190
,,,,,,,,0,"000000000000","000000000000-0000",1654,1191
,,,,,,,,0,"000000000000","000000000000-0000",1655,1198
,,,,,,,,0,"000000000000","000000000000-0000",1656,1199
,,,,,,,,0,"000000000000","000000000000-0000",1657,1200
,,,,,,,,0,"000000000000","000000000000-0000",1658,1201
,,,,,,,,0,"000000000000","000000000000-0000",1659,1202
,,,,,,,,0,"000000000000","000000000000-0000",1660,1203
,,,,,,,,0,"000000000000","000000000000-0000",1661,1208
,,,,,,,,0,"000000000000","000000000000-0000",1662,1209
,,,,,,,,0,"000000000000","000000000000-0000",1663,1210
,,,,,,,,0,"000000000000","000000000000-0000",1664,1211
,,,,,,,,0,"000000000000","000000000000-0000",1665,1212
,,,,,,,,0,"000000000000","000000000000-0000",1666,1218
,,,,,,,,0,"000000000000","000000000000-0000",1667,1219
,,,,,,,,0,"000000000000","000000000000-0000",1668,1220
,,,,,,,,0,"000000000000","000000000000-0000",1669,1221
,,,,,,,,0,"000000000000","000000000000-0000",1670,1222
,,,,,,,,0,"000000000000","000000000000-0000",1671,1230
,,,,,,,,0,"000000000000","000000000000-0000",1672,1231
,,,,,,,,0,"000000000000","000000000000-0000",1673,1238
,,,,,,,,0,"000000000000","000000000000-0000",1674,1239
,,,,,,,,0,"000000000000","000000000000-0000",1780,743
,,,,,,,,0,"000000000000","000000000000-0000",1781,754
,,,,,,,,0,"000000000000","000000000000-0000",1782,773
,,,,,,,,0,"000000000000","000000000000-0000",1783,774
,,,,,,,,0,"000000000000","000000000000-0000",1784,775
,,,,,,,,0,"000000000000","000000000000-0000",1786,777
,,,,,,,,0,"000000000000","000000000000-0000",1787,778
,,,,,,,,0,"000000000000","000000000000-0000",1788,779
,,,,,,,,0,"000000000000","000000000000-0000",1789,780
,,,,,,,,0,"000000000000","000000000000-0000",1790,786
,,,,,,,,0,"000000000000","000000000000-0000",1791,792
,,,,,,,,0,"000000000000","000000000000-0000",1798,8
,,,,,,,,0,"000000000000","000000000000-0000",1804,474
,,,,,,,,0,"000000000000","000000000000-0000",1805,475
,,,,,,,,0,"000000000000","000000000000-0000",1806,476
,,,,,,,,0,"000000000000","000000000000-0000",1807,477
,,,,,,,,0,"000000000000","000000000000-0000",1808,478
,,,,,,,,0,"000000000000","000000000000-0000",1809,479
,,,,,,,,0,"000000000000","000000000000-0000",1810,480
,,,,,,,,0,"000000000000","000000000000-0000",1811,481
,,,,,,,,0,"000000000000","000000000000-0000",1812,482
,,,,,,,,0,"000000000000","000000000000-0000",1813,483
,,,,,,,,0,"000000000000","000000000000-0000",1814,484
,,,,,,,,0,"000000000000","000000000000-0000",1815,485
,,,,,,,,0,"000000000000","000000000000-0000",1816,486
,,,,,,,,0,"000000000000","000000000000-0000",1817,487
,,,,,,,,0,"000000000000","000000000000-0000",1818,488
,,,,,,,,0,"000000000000","000000000000-0000",1819,489
,,,,,,,,0,"000000000000","000000000000-0000",1820,490
,,,,,,,,0,"000000000000","000000000000-0000",1821,491
,,,,,,,,0,"000000000000","000000000000-0000",1822,492
,,,,,,,,0,"000000000000","000000000000-0000",1823,493
,,,,,,,,0,"000000000000","000000000000-0000",1824,494
,,,,,,,,0,"000000000000","000000000000-0000",1825,495
,,,,,,,,0,"000000000000","000000000000-0000",1826,496
,,,,,,,,0,"000000000000","000000000000-0000",1827,497
,,,,,,,,0,"000000000000","000000000000-0000",1828,498
,,,,,,,,0,"000000000000","000000000000-0000",1829,499
,,,,,,,,0,"000000000000","000000000000-0000",1830,500
,,,,,,,,0,"000000000000","000000000000-0000",1831,501
,,,,,,,,0,"000000000000","000000000000-0000",1832,502
,,,,,,,,0,"000000000000","000000000000-0000",1833,503
,,,,,,,,0,"000000000000","000000000000-0000",1834,504
,,,,,,,,0,"000000000000","000000000000-0000",1835,505
,,,,,,,,0,"000000000000","000000000000-0000",1836,506
,,,,,,,,0,"000000000000","000000000000-0000",1837,507
,,,,,,,,0,"000000000000","000000000000-0000",1838,508
,,,,,,,,0,"000000000000","000000000000-0000",1839,509
,,,,,,,,0,"000000000000","000000000000-0000",1840,510
,,,,,,,,0,"000000000000","000000000000-0000",1841,511
,,,,,,,,0,"000000000000","000000000000-0000",1842,512
,,,,,,,,0,"000000000000","000000000000-0000",1843,513
,,,,,,,,0,"000000000000","000000000000-0000",1844,514
,,,,,,,,0,"000000000000","000000000000-0000",1845,515
,,,,,,,,0,"000000000000","000000000000-0000",1846,516
,,,,,,,,0,"000000000000","000000000000-0000",1847,517
,,,,,,,,0,"000000000000","000000000000-0000",1848,518
,,,,,,,,0,"000000000000","000000000000-0000",1861,781
,,,,,,,,0,"000000000000","000000000000-0000",1862,782
,,,,,,,,0,"000000000000","000000000000-0000",2063,1446
,,,,,,,,0,"000000000000","000000000000-0000",2064,1447
,,,,,,,,0,"000000000000","000000000000-0000",2065,1448
,,,,,,,,0,"000000000000","000000000000-0000",2069,1449
,,,,,,,,0,"000000000000","000000000000-0000",2070,1450
,,,,,,,,0,"000000000000","000000000000-0000",2071,1451
,,,,,,,,0,"000000000000","000000000000-0000",2072,1452
,,,,,,,,0,"000000000000","000000000000-0000",2073,1453
,,,,,,,,0,"000000000000","000000000000-0000",2074,1454
,,,,,,,,0,"000000000000","000000000000-0000",2075,1455
,,,,,,,,0,"000000000000","000000000000-0000",2076,1456
,,,,,,,,0,"000000000000","000000000000-0000",2077,1457
,,,,,,,,0,"000000000000","000000000000-0000",2078,1458
,,,,,,,,0,"000000000000","000000000000-0000",2079,234
,,,,,,,,0,"000000000000","000000000000-0000",2080,251
,,,,,,,,0,"000000000000","000000000000-0000",2081,252
,,,,,,,,0,"000000000000","000000000000-0000",2082,253
,,,,,,,,0,"000000000000","000000000000-0000",2083,453
,,,,,,,,0,"000000000000","000000000000-0000",2084,454
,,,,,,,,0,"000000000000","000000000000-0000",2085,455
,,,,,,,,0,"000000000000","000000000000-0000",2086,456
,,,,,,,,0,"000000000000","000000000000-0000",2087,457
,,,,,,,,0,"000000000000","000000000000-0000",2088,458
,,,,,,,,0,"000000000000","000000000000-0000",2089,459
,,,,,,,,0,"000000000000","000000000000-0000",2090,460
,,,,,,,,0,"000000000000","000000000000-0000",2091,461
,,,,,,,,0,"000000000000","000000000000-0000",2092,462
,,,,,,,,0,"000000000000","000000000000-0000",2093,286
,,,,,,,,0,"000000000000","000000000000-0000",2094,287
,,,,,,,,0,"000000000000","000000000000-0000",2095,288
,,,,,,,,0,"000000000000","000000000000-0000",2096,289
,,,,,,,,0,"000000000000","000000000000-0000",2097,638
,,,,,,,,0,"000000000000","000000000000-0000",2098,639
,,,,,,,,0,"000000000000","000000000000-0000",2099,640
,,,,,,,,0,"000000000000","000000000000-0000",2100,641
,,,,,,,,0,"000000000000","000000000000-0000",2101,642
,,,,,,,,0,"000000000000","000000000000-0000",2102,643
,,,,,,,,0,"000000000000","000000000000-0000",2103,644
,,,,,,,,0,"000000000000","000000000000-0000",2104,645
,,,,,,,,0,"000000000000","000000000000-0000",2105,646
,,,,,,,,0,"000000000000","000000000000-0000",2106,647
,,,,,,,,0,"000000000000","000000000000-0000",2107,648
,,,,,,,,0,"000000000000","000000000000-0000",2108,649
,,,,,,,,0,"000000000000","000000000000-0000",2109,650
,,,,,,,,0,"000000000000","000000000000-0000",2110,651
,,,,,,,,0,"000000000000","000000000000-0000",2111,652
,,,,,,,,0,"000000000000","000000000000-0000",2112,653
,,,,,,,,0,"000000000000","000000000000-0000",2113,654
,,,,,,,,0,"000000000000","000000000000-0000",2114,655
,,,,,,,,0,"000000000000","000000000000-0000",2115,656
,,,,,,,,0,"000000000000","000000000000-0000",2116,657
,,,,,,,,0,"000000000000","000000000000-0000",2117,658
,,,,,,,,0,"000000000000","000000000000-0000",2118,659
,,,,,,,,0,"000000000000","000000000000-0000",2119,660
,,,,,,,,0,"000000000000","000000000000-0000",2120,661
,,,,,,,,0,"000000000000","000000000000-0000",2121,662
,,,,,,,,0,"000000000000","000000000000-0000",2122,663
,,,,,,,,0,"000000000000","000000000000-0000",2123,664
,,,,,,,,0,"000000000000","000000000000-0000",2124,665
,,,,,,,,0,"000000000000","000000000000-0000",2125,666
,,,,,,,,0,"000000000000","000000000000-0000",2126,667
,,,,,,,,0,"000000000000","000000000000-0000",2127,668
,,,,,,,,0,"000000000000","000000000000-0000",2128,669
,,,,,,,,0,"000000000000","000000000000-0000",2129,670
,,,,,,,,0,"000000000000","000000000000-0000",2130,671
,,,,,,,,0,"000000000000","000000000000-0000",2131,672
,,,,,,,,0,"000000000000","000000000000-0000",2132,673
,,,,,,,,0,"000000000000","000000000000-0000",2133,674
,,,,,,,,0,"000000000000","000000000000-0000",2134,675
,,,,,,,,0,"000000000000","000000000000-0000",2135,676
,,,,,,,,0,"000000000000","000000000000-0000",2136,677
,,,,,,,,0,"000000000000","000000000000-0000",2137,261
,,,,,,,,0,"000000000000","000000000000-0000",2138,262
,,,,,,,,0,"000000000000","000000000000-0000",2143,284
,,,,,,,,0,"000000000000","000000000000-0000",2144,285
,,,,,,,,0,"000000000000","000000000000-0000",2145,316
,,,,,,,,0,"000000000000","000000000000-0000",2146,317
,,,,,,,,0,"000000000000","000000000000-0000",2147,318
,,,,,,,,0,"000000000000","000000000000-0000",2194,738
,,,,,,,,0,"000000000000","000000000000-0000",2195,739
,,,,,,,,0,"000000000000","000000000000-0000",2196,6
,,,,,,,,0,"000000000000","000000000000-0000",2197,11
,,,,,,,,0,"000000000000","000000000000-0000",2198,12
,,,,,,,,0,"000000000000","000000000000-0000",2199,188
,,,,,,,,0,"000000000000","000000000000-0000",2200,189
,,,,,,,,0,"000000000000","000000000000-0000",2201,190
,,,,,,,,0,"000000000000","000000000000-0000",2202,191
,,,,,,,,0,"000000000000","000000000000-0000",2203,192
,,,,,,,,0,"000000000000","000000000000-0000",2204,193
,,,,,,,,0,"000000000000","000000000000-0000",2205,194
,,,,,,,,0,"000000000000","000000000000-0000",2206,195
,,,,,,,,0,"000000000000","000000000000-0000",2207,196
,,,,,,,,0,"000000000000","000000000000-0000",2208,197
,,,,,,,,0,"000000000000","000000000000-0000",2209,198
,,,,,,,,0,"000000000000","000000000000-0000",2210,199
,,,,,,,,0,"000000000000","000000000000-0000",2211,200
,,,,,,,,0,"000000000000","000000000000-0000",2212,201
,,,,,,,,0,"000000000000","000000000000-0000",2213,202
,,,,,,,,0,"000000000000","000000000000-0000",2214,203
,,,,,,,,0,"000000000000","000000000000-0000",2215,204
,,,,,,,,0,"000000000000","000000000000-0000",2216,205
,,,,,,,,0,"000000000000","000000000000-0000",2217,206
,,,,,,,,0,"000000000000","000000000000-0000",2218,207
,,,,,,,,0,"000000000000","000000000000-0000",2219,208
,,,,,,,,0,"000000000000","000000000000-0000",2220,209
,,,,,,,,0,"000000000000","000000000000-0000",2221,210
,,,,,,,,0,"000000000000","000000000000-0000",2222,211
,,,,,,,,0,"000000000000","000000000000-0000",2223,212
,,,,,,,,0,"000000000000","000000000000-0000",2224,213
,,,,,,,,0,"000000000000","000000000000-0000",2225,214
,,,,,,,,0,"000000000000","000000000000-0000",2226,215
,,,,,,,,0,"000000000000","000000000000-0000",2227,216
,,,,,,,,0,"000000000000","000000000000-0000",2228,217
,,,,,,,,0,"000000000000","000000000000-0000",2229,218
,,,,,,,,0,"000000000000","000000000000-0000",2230,219
,,,,,,,,0,"000000000000","000000000000-0000",2231,220
,,,,,,,,0,"000000000000","000000000000-0000",2232,221
,,,,,,,,0,"000000000000","000000000000-0000",2233,222
,,,,,,,,0,"000000000000","000000000000-0000",2234,223
,,,,,,,,0,"000000000000","000000000000-0000",2235,224
,,,,,,,,0,"000000000000","000000000000-0000",2236,225
,,,,,,,,0,"000000000000","000000000000-0000",2237,226
,,,,,,,,0,"000000000000","000000000000-0000",2238,227
,,,,,,,,0,"000000000000","000000000000-0000",2239,228
,,,,,,,,0,"000000000000","000000000000-0000",2240,229
,,,,,,,,0,"000000000000","000000000000-0000",2241,230
,,,,,,,,0,"000000000000","000000000000-0000",2242,231
,,,,,,,,0,"000000000000","000000000000-0000",2245,463
,,,,,,,,0,"000000000000","000000000000-0000",2246,9
,,,,,,,,0,"000000000000","000000000000-0000",2247,1400
,,,,,,,,0,"000000000000","000000000000-0000",2248,1232
,,,,,,,,0,"000000000000","000000000000-0000",2249,1233
,,,,,,,,0,"000000000000","000000000000-0000",2250,1234
,,,,,,,,0,"000000000000","000000000000-0000",2251,1235
,,,,,,,,0,"000000000000","000000000000-0000",2252,1240
,,,,,,,,0,"000000000000","000000000000-0000",2253,1241
,,,,,,,,0,"000000000000","000000000000-0000",2254,1242
,,,,,,,,0,"000000000000","000000000000-0000",2255,1243
,,,,,,,,0,"000000000000","000000000000-0000",2256,1244
,,,,,,,,0,"000000000000","000000000000-0000",2257,1245
,,,,,,,,0,"000000000000","000000000000-0000",2258,1246
,,,,,,,,0,"000000000000","000000000000-0000",2259,1247
,,,,,,,,0,"000000000000","000000000000-0000",2260,1248
