INS_DATE,INS_CCD,INS_SCD,INS_PG,UPD_DATE,UPD_CCD,UPD_SCD,UPD_PG,EXCLUS_VER,CONTRACT_CD,PER_INFO_ITEM_DEFINITION_ID,PER_INFO_CTG_ID,DISPORDER,DISPLAY_ORDER
,,,,,,,,0,"000000000000","TEN0_COM0_0000000000_CS00001_IS00001","TEN0_COM0_000000000000000000_CS00001",1,1
,,,,,,,,0,"000000000000","TEN0_COM0_0000000000_CS00001_IS00002","TEN0_COM0_000000000000000000_CS00001",2,2
,,,,,,,,0,"000000000000","TEN0_COM0_0000000000_CS00002_IS00003","TEN0_COM0_000000000000000000_CS00002",1,1
,,,,,,,,0,"000000000000","TEN0_COM0_0000000000_CS00002_IS00004","TEN0_COM0_000000000000000000_CS00002",2,2
,,,,,,,,0,"000000000000","TEN0_COM0_0000000000_CS00002_IS00005","TEN0_COM0_000000000000000000_CS00002",3,3
,,,,,,,,0,"000000000000","TEN0_COM0_0000000000_CS00002_IS00006","TEN0_COM0_000000000000000000_CS00002",4,4
,,,,,,,,0,"000000000000","TEN0_COM0_0000000000_CS00002_IS00007","TEN0_COM0_000000000000000000_CS00002",5,5
,,,,,,,,0,"000000000000","TEN0_COM0_0000000000_CS00002_IS00008","TEN0_COM0_000000000000000000_CS00002",6,6
,,,,,,,,0,"000000000000","TEN0_COM0_0000000000_CS00002_IS00009","TEN0_COM0_000000000000000000_CS00002",7,7
,,,,,,,,0,"000000000000","TEN0_COM0_0000000000_CS00002_IS00010","TEN0_COM0_000000000000000000_CS00002",8,8
,,,,,,,,0,"000000000000","TEN0_COM0_0000000000_CS00002_IS00011","TEN0_COM0_000000000000000000_CS00002",9,9
,,,,,,,,0,"000000000000","TEN0_COM0_0000000000_CS00002_IS00012","TEN0_COM0_000000000000000000_CS00002",10,10
,,,,,,,,0,"000000000000","TEN0_COM0_0000000000_CS00002_IS00013","TEN0_COM0_000000000000000000_CS00002",11,11
,,,,,,,,0,"000000000000","TEN0_COM0_0000000000_CS00002_IS00014","TEN0_COM0_000000000000000000_CS00002",12,12
,,,,,,,,0,"000000000000","TEN0_COM0_0000000000_CS00002_IS00015","TEN0_COM0_000000000000000000_CS00002",13,13
,,,,,,,,0,"000000000000","TEN0_COM0_0000000000_CS00002_IS00016","TEN0_COM0_000000000000000000_CS00002",14,14
,,,,,,,,0,"000000000000","TEN0_COM0_0000000000_CS00002_IS00017","TEN0_COM0_000000000000000000_CS00002",15,15
,,,,,,,,0,"000000000000","TEN0_COM0_0000000000_CS00002_IS00018","TEN0_COM0_000000000000000000_CS00002",16,16
,,,,,,,,0,"000000000000","TEN0_COM0_0000000000_CS00002_IS00019","TEN0_COM0_000000000000000000_CS00002",17,17
,,,,,,,,0,"000000000000","TEN0_COM0_0000000000_CS00003_IS00020","TEN0_COM0_000000000000000000_CS00003",1,1
,,,,,,,,0,"000000000000","TEN0_COM0_0000000000_CS00003_IS00021","TEN0_COM0_000000000000000000_CS00003",2,2
,,,,,,,,0,"000000000000","TEN0_COM0_0000000000_CS00003_IS00022","TEN0_COM0_000000000000000000_CS00003",3,3
,,,,,,,,0,"000000000000","TEN0_COM0_0000000000_CS00003_IS00024","TEN0_COM0_000000000000000000_CS00003",5,5
,,,,,,,,0,"000000000000","TEN0_COM0_0000000000_CS00004_IS00025","TEN0_COM0_000000000000000000_CS00004",1,1
,,,,,,,,0,"000000000000","TEN0_COM0_0000000000_CS00004_IS00026","TEN0_COM0_000000000000000000_CS00004",2,2
,,,,,,,,0,"000000000000","TEN0_COM0_0000000000_CS00004_IS00027","TEN0_COM0_000000000000000000_CS00004",3,3
,,,,,,,,0,"000000000000","TEN0_COM0_0000000000_CS00004_IS00028","TEN0_COM0_000000000000000000_CS00004",4,4
,,,,,,,,0,"000000000000","TEN0_COM0_0000000000_CS00014_IS00065","TEN0_COM0_000000000000000000_CS00014",1,1
,,,,,,,,0,"000000000000","TEN0_COM0_0000000000_CS00014_IS00066","TEN0_COM0_000000000000000000_CS00014",2,2
,,,,,,,,0,"000000000000","TEN0_COM0_0000000000_CS00014_IS00067","TEN0_COM0_000000000000000000_CS00014",3,3
,,,,,,,,0,"000000000000","TEN0_COM0_0000000000_CS00014_IS00068","TEN0_COM0_000000000000000000_CS00014",4,4
,,,,,,,,0,"000000000000","TEN0_COM0_0000000000_CS00014_IS00069","TEN0_COM0_000000000000000000_CS00014",5,5
,,,,,,,,0,"000000000000","TEN0_COM0_0000000000_CS00015_IS00070","TEN0_COM0_000000000000000000_CS00015",1,1
,,,,,,,,0,"000000000000","TEN0_COM0_0000000000_CS00015_IS00071","TEN0_COM0_000000000000000000_CS00015",2,2
,,,,,,,,0,"000000000000","TEN0_COM0_0000000000_CS00015_IS00072","TEN0_COM0_000000000000000000_CS00015",3,3
,,,,,,,,0,"000000000000","TEN0_COM0_0000000000_CS00015_IS00073","TEN0_COM0_000000000000000000_CS00015",4,4
,,,,,,,,0,"000000000000","TEN0_COM0_0000000000_CS00015_IS00075","TEN0_COM0_000000000000000000_CS00015",6,6
,,,,,,,,0,"000000000000","TEN0_COM0_0000000000_CS00016_IS00076","TEN0_COM0_000000000000000000_CS00016",1,1
,,,,,,,,0,"000000000000","TEN0_COM0_0000000000_CS00016_IS00077","TEN0_COM0_000000000000000000_CS00016",2,2
,,,,,,,,0,"000000000000","TEN0_COM0_0000000000_CS00016_IS00078","TEN0_COM0_000000000000000000_CS00016",3,3
,,,,,,,,0,"000000000000","TEN0_COM0_0000000000_CS00016_IS00079","TEN0_COM0_000000000000000000_CS00016",4,4
,,,,,,,,0,"000000000000","TEN0_COM0_0000000000_CS00016_IS00080","TEN0_COM0_000000000000000000_CS00016",5,5
,,,,,,,,0,"000000000000","TEN0_COM0_0000000000_CS00017_IS00081","TEN0_COM0_000000000000000000_CS00017",1,1
,,,,,,,,0,"000000000000","TEN0_COM0_0000000000_CS00017_IS00082","TEN0_COM0_000000000000000000_CS00017",2,2
,,,,,,,,0,"000000000000","TEN0_COM0_0000000000_CS00017_IS00083","TEN0_COM0_000000000000000000_CS00017",3,3
,,,,,,,,0,"000000000000","TEN0_COM0_0000000000_CS00017_IS00084","TEN0_COM0_000000000000000000_CS00017",4,4
,,,,,,,,0,"000000000000","TEN0_COM0_0000000000_CS00017_IS00085","TEN0_COM0_000000000000000000_CS00017",5,5
,,,,,,,,0,"000000000000","TEN0_COM0_0000000000_CS00018_IS00086","TEN0_COM0_000000000000000000_CS00018",1,1
,,,,,,,,0,"000000000000","TEN0_COM0_0000000000_CS00018_IS00087","TEN0_COM0_000000000000000000_CS00018",2,2
,,,,,,,,0,"000000000000","TEN0_COM0_0000000000_CS00018_IS00088","TEN0_COM0_000000000000000000_CS00018",3,3
,,,,,,,,0,"000000000000","TEN0_COM0_0000000000_CS00018_IS00089","TEN0_COM0_000000000000000000_CS00018",4,4
,,,,,,,,0,"000000000000","TEN0_COM0_0000000000_CS00018_IS00098","TEN0_COM0_000000000000000000_CS00018",13,13
,,,,,,,,0,"000000000000","TEN0_COM0_0000000000_CS00019_IS00101","TEN0_COM0_000000000000000000_CS00019",1,1
,,,,,,,,0,"000000000000","TEN0_COM0_0000000000_CS00019_IS00102","TEN0_COM0_000000000000000000_CS00019",2,2
,,,,,,,,0,"000000000000","TEN0_COM0_0000000000_CS00019_IS00103","TEN0_COM0_000000000000000000_CS00019",3,3
,,,,,,,,0,"000000000000","TEN0_COM0_0000000000_CS00019_IS00104","TEN0_COM0_000000000000000000_CS00019",4,4
,,,,,,,,0,"000000000000","TEN0_COM0_0000000000_CS00019_IS00105","TEN0_COM0_000000000000000000_CS00019",5,5
,,,,,,,,0,"000000000000","TEN0_COM0_0000000000_CS00019_IS00106","TEN0_COM0_000000000000000000_CS00019",6,6
,,,,,,,,0,"000000000000","TEN0_COM0_0000000000_CS00019_IS00107","TEN0_COM0_000000000000000000_CS00019",7,7
,,,,,,,,0,"000000000000","TEN0_COM0_0000000000_CS00019_IS00108","TEN0_COM0_000000000000000000_CS00019",8,8
,,,,,,,,0,"000000000000","TEN0_COM0_0000000000_CS00019_IS00109","TEN0_COM0_000000000000000000_CS00019",9,9
,,,,,,,,0,"000000000000","TEN0_COM0_0000000000_CS00019_IS00110","TEN0_COM0_000000000000000000_CS00019",10,10
,,,,,,,,0,"000000000000","TEN0_COM0_0000000000_CS00020_IS00118","TEN0_COM0_000000000000000000_CS00020",1,1
,,,,,,,,0,"000000000000","TEN0_COM0_0000000000_CS00020_IS00119","TEN0_COM0_000000000000000000_CS00020",2,2
,,,,,,,,0,"000000000000","TEN0_COM0_0000000000_CS00020_IS00120","TEN0_COM0_000000000000000000_CS00020",3,3
,,,,,,,,0,"000000000000","TEN0_COM0_0000000000_CS00020_IS00252","TEN0_COM0_000000000000000000_CS00020",4,4
,,,,,,,,0,"000000000000","TEN0_COM0_0000000000_CS00020_IS00253","TEN0_COM0_000000000000000000_CS00020",5,5
,,,,,,,,0,"000000000000","TEN0_COM0_0000000000_CS00020_IS00260","TEN0_COM0_000000000000000000_CS00020",6,6
,,,,,,,,0,"000000000000","TEN0_COM0_0000000000_CS00020_IS00248","TEN0_COM0_000000000000000000_CS00020",7,7
,,,,,,,,0,"000000000000","TEN0_COM0_0000000000_CS00020_IS00249","TEN0_COM0_000000000000000000_CS00020",8,8
,,,,,,,,0,"000000000000","TEN0_COM0_0000000000_CS00020_IS00250","TEN0_COM0_000000000000000000_CS00020",9,9
,,,,,,,,0,"000000000000","TEN0_COM0_0000000000_CS00020_IS00251","TEN0_COM0_000000000000000000_CS00020",10,10
,,,,,,,,0,"000000000000","TEN0_COM0_0000000000_CS00020_IS00247","TEN0_COM0_000000000000000000_CS00020",11,11
,,,,,,,,0,"000000000000","TEN0_COM0_0000000000_CS00020_IS00258","TEN0_COM0_000000000000000000_CS00020",12,12
,,,,,,,,0,"000000000000","TEN0_COM0_0000000000_CS00020_IS00246","TEN0_COM0_000000000000000000_CS00020",13,13
,,,,,,,,0,"000000000000","TEN0_COM0_0000000000_CS00020_IS00259","TEN0_COM0_000000000000000000_CS00020",14,14
,,,,,,,,0,"000000000000","TEN0_COM0_0000000000_CS00020_IS00122","TEN0_COM0_000000000000000000_CS00020",15,15
,,,,,,,,0,"000000000000","TEN0_COM0_0000000000_CS00020_IS00121","TEN0_COM0_000000000000000000_CS00020",16,16
,,,,,,,,0,"000000000000","TEN0_COM0_0000000000_CS00020_IS00123","TEN0_COM0_000000000000000000_CS00020",17,17
,,,,,,,,0,"000000000000","TEN0_COM0_0000000000_CS00020_IS00124","TEN0_COM0_000000000000000000_CS00020",18,18
,,,,,,,,0,"000000000000","TEN0_COM0_0000000000_CS00020_IS00125","TEN0_COM0_000000000000000000_CS00020",19,19
,,,,,,,,0,"000000000000","TEN0_COM0_0000000000_CS00020_IS00127","TEN0_COM0_000000000000000000_CS00020",20,20
,,,,,,,,0,"000000000000","TEN0_COM0_0000000000_CS00020_IS00126","TEN0_COM0_000000000000000000_CS00020",21,21
,,,,,,,,0,"000000000000","TEN0_COM0_0000000000_CS00020_IS00129","TEN0_COM0_000000000000000000_CS00020",22,22
,,,,,,,,0,"000000000000","TEN0_COM0_0000000000_CS00020_IS00130","TEN0_COM0_000000000000000000_CS00020",23,23
,,,,,,,,0,"000000000000","TEN0_COM0_0000000000_CS00020_IS00131","TEN0_COM0_000000000000000000_CS00020",24,24
,,,,,,,,0,"000000000000","TEN0_COM0_0000000000_CS00020_IS00132","TEN0_COM0_000000000000000000_CS00020",25,25
,,,,,,,,0,"000000000000","TEN0_COM0_0000000000_CS00020_IS00133","TEN0_COM0_000000000000000000_CS00020",26,26
,,,,,,,,0,"000000000000","TEN0_COM0_0000000000_CS00020_IS00134","TEN0_COM0_000000000000000000_CS00020",27,27
,,,,,,,,0,"000000000000","TEN0_COM0_0000000000_CS00020_IS00135","TEN0_COM0_000000000000000000_CS00020",28,28
,,,,,,,,0,"000000000000","TEN0_COM0_0000000000_CS00020_IS00136","TEN0_COM0_000000000000000000_CS00020",29,29
,,,,,,,,0,"000000000000","TEN0_COM0_0000000000_CS00020_IS00137","TEN0_COM0_000000000000000000_CS00020",30,30
,,,,,,,,0,"000000000000","TEN0_COM0_0000000000_CS00020_IS00261","TEN0_COM0_000000000000000000_CS00020",31,31
,,,,,,,,0,"000000000000","TEN0_COM0_0000000000_CS00020_IS00128","TEN0_COM0_000000000000000000_CS00020",32,32
,,,,,,,,0,"000000000000","TEN0_COM0_0000000000_CS00020_IS00138","TEN0_COM0_000000000000000000_CS00020",33,33
,,,,,,,,0,"000000000000","TEN0_COM0_0000000000_CS00020_IS00139","TEN0_COM0_000000000000000000_CS00020",34,34
,,,,,,,,0,"000000000000","TEN0_COM0_0000000000_CS00020_IS00140","TEN0_COM0_000000000000000000_CS00020",35,35
,,,,,,,,0,"000000000000","TEN0_COM0_0000000000_CS00020_IS00141","TEN0_COM0_000000000000000000_CS00020",36,36
,,,,,,,,0,"000000000000","TEN0_COM0_0000000000_CS00020_IS00142","TEN0_COM0_000000000000000000_CS00020",37,37
,,,,,,,,0,"000000000000","TEN0_COM0_0000000000_CS00020_IS00143","TEN0_COM0_000000000000000000_CS00020",38,38
,,,,,,,,0,"000000000000","TEN0_COM0_0000000000_CS00020_IS00144","TEN0_COM0_000000000000000000_CS00020",39,39
,,,,,,,,0,"000000000000","TEN0_COM0_0000000000_CS00020_IS00145","TEN0_COM0_000000000000000000_CS00020",40,40
,,,,,,,,0,"000000000000","TEN0_COM0_0000000000_CS00020_IS00146","TEN0_COM0_000000000000000000_CS00020",41,41
,,,,,,,,0,"000000000000","TEN0_COM0_0000000000_CS00020_IS00156","TEN0_COM0_000000000000000000_CS00020",42,42
,,,,,,,,0,"000000000000","TEN0_COM0_0000000000_CS00020_IS00157","TEN0_COM0_000000000000000000_CS00020",43,43
,,,,,,,,0,"000000000000","TEN0_COM0_0000000000_CS00020_IS00158","TEN0_COM0_000000000000000000_CS00020",44,44
,,,,,,,,0,"000000000000","TEN0_COM0_0000000000_CS00020_IS00159","TEN0_COM0_000000000000000000_CS00020",45,45
,,,,,,,,0,"000000000000","TEN0_COM0_0000000000_CS00020_IS00160","TEN0_COM0_000000000000000000_CS00020",46,46
,,,,,,,,0,"000000000000","TEN0_COM0_0000000000_CS00020_IS00161","TEN0_COM0_000000000000000000_CS00020",47,47
,,,,,,,,0,"000000000000","TEN0_COM0_0000000000_CS00020_IS00162","TEN0_COM0_000000000000000000_CS00020",48,48
,,,,,,,,0,"000000000000","TEN0_COM0_0000000000_CS00020_IS00163","TEN0_COM0_000000000000000000_CS00020",49,49
,,,,,,,,0,"000000000000","TEN0_COM0_0000000000_CS00020_IS00164","TEN0_COM0_000000000000000000_CS00020",50,50
,,,,,,,,0,"000000000000","TEN0_COM0_0000000000_CS00020_IS00165","TEN0_COM0_000000000000000000_CS00020",51,51
,,,,,,,,0,"000000000000","TEN0_COM0_0000000000_CS00020_IS00166","TEN0_COM0_000000000000000000_CS00020",52,52
,,,,,,,,0,"000000000000","TEN0_COM0_0000000000_CS00020_IS00167","TEN0_COM0_000000000000000000_CS00020",53,53
,,,,,,,,0,"000000000000","TEN0_COM0_0000000000_CS00020_IS00168","TEN0_COM0_000000000000000000_CS00020",54,54
,,,,,,,,0,"000000000000","TEN0_COM0_0000000000_CS00020_IS00169","TEN0_COM0_000000000000000000_CS00020",55,55
,,,,,,,,0,"000000000000","TEN0_COM0_0000000000_CS00020_IS00170","TEN0_COM0_000000000000000000_CS00020",56,56
,,,,,,,,0,"000000000000","TEN0_COM0_0000000000_CS00020_IS00171","TEN0_COM0_000000000000000000_CS00020",57,57
,,,,,,,,0,"000000000000","TEN0_COM0_0000000000_CS00020_IS00172","TEN0_COM0_000000000000000000_CS00020",58,58
,,,,,,,,0,"000000000000","TEN0_COM0_0000000000_CS00020_IS00173","TEN0_COM0_000000000000000000_CS00020",59,59
,,,,,,,,0,"000000000000","TEN0_COM0_0000000000_CS00020_IS00174","TEN0_COM0_000000000000000000_CS00020",60,60
,,,,,,,,0,"000000000000","TEN0_COM0_0000000000_CS00020_IS00175","TEN0_COM0_000000000000000000_CS00020",61,61
,,,,,,,,0,"000000000000","TEN0_COM0_0000000000_CS00020_IS00176","TEN0_COM0_000000000000000000_CS00020",62,62
,,,,,,,,0,"000000000000","TEN0_COM0_0000000000_CS00020_IS00177","TEN0_COM0_000000000000000000_CS00020",63,63
,,,,,,,,0,"000000000000","TEN0_COM0_0000000000_CS00020_IS00178","TEN0_COM0_000000000000000000_CS00020",64,64
,,,,,,,,0,"000000000000","TEN0_COM0_0000000000_CS00020_IS00179","TEN0_COM0_000000000000000000_CS00020",65,65
,,,,,,,,0,"000000000000","TEN0_COM0_0000000000_CS00020_IS00180","TEN0_COM0_000000000000000000_CS00020",66,66
,,,,,,,,0,"000000000000","TEN0_COM0_0000000000_CS00020_IS00181","TEN0_COM0_000000000000000000_CS00020",67,67
,,,,,,,,0,"000000000000","TEN0_COM0_0000000000_CS00020_IS00182","TEN0_COM0_000000000000000000_CS00020",68,68
,,,,,,,,0,"000000000000","TEN0_COM0_0000000000_CS00020_IS00147","TEN0_COM0_000000000000000000_CS00020",69,69
,,,,,,,,0,"000000000000","TEN0_COM0_0000000000_CS00020_IS00148","TEN0_COM0_000000000000000000_CS00020",70,70
,,,,,,,,0,"000000000000","TEN0_COM0_0000000000_CS00020_IS00149","TEN0_COM0_000000000000000000_CS00020",71,71
,,,,,,,,0,"000000000000","TEN0_COM0_0000000000_CS00020_IS00150","TEN0_COM0_000000000000000000_CS00020",72,72
,,,,,,,,0,"000000000000","TEN0_COM0_0000000000_CS00020_IS00151","TEN0_COM0_000000000000000000_CS00020",73,73
,,,,,,,,0,"000000000000","TEN0_COM0_0000000000_CS00020_IS00152","TEN0_COM0_000000000000000000_CS00020",74,74
,,,,,,,,0,"000000000000","TEN0_COM0_0000000000_CS00020_IS00153","TEN0_COM0_000000000000000000_CS00020",75,75
,,,,,,,,0,"000000000000","TEN0_COM0_0000000000_CS00020_IS00154","TEN0_COM0_000000000000000000_CS00020",76,76
,,,,,,,,0,"000000000000","TEN0_COM0_0000000000_CS00020_IS00155","TEN0_COM0_000000000000000000_CS00020",77,77
,,,,,,,,0,"000000000000","TEN0_COM0_0000000000_CS00021_IS00254","TEN0_COM0_000000000000000000_CS00021",1,1
,,,,,,,,0,"000000000000","TEN0_COM0_0000000000_CS00021_IS00255","TEN0_COM0_000000000000000000_CS00021",2,2
,,,,,,,,0,"000000000000","TEN0_COM0_0000000000_CS00021_IS00256","TEN0_COM0_000000000000000000_CS00021",3,3
,,,,,,,,0,"000000000000","TEN0_COM0_0000000000_CS00021_IS00257","TEN0_COM0_000000000000000000_CS00021",4,4
,,,,,,,,0,"000000000000","TEN0_COM0_0000000000_CS00022_IS00262","TEN0_COM0_000000000000000000_CS00022",1,1
,,,,,,,,0,"000000000000","TEN0_COM0_0000000000_CS00022_IS00263","TEN0_COM0_000000000000000000_CS00022",2,2
,,,,,,,,0,"000000000000","TEN0_COM0_0000000000_CS00022_IS00264","TEN0_COM0_000000000000000000_CS00022",3,3
,,,,,,,,0,"000000000000","TEN0_COM0_0000000000_CS00022_IS00265","TEN0_COM0_000000000000000000_CS00022",4,4
,,,,,,,,0,"000000000000","TEN0_COM0_0000000000_CS00022_IS00266","TEN0_COM0_000000000000000000_CS00022",5,5
,,,,,,,,0,"000000000000","TEN0_COM0_0000000000_CS00022_IS00267","TEN0_COM0_000000000000000000_CS00022",6,6
,,,,,,,,0,"000000000000","TEN0_COM0_0000000000_CS00022_IS00268","TEN0_COM0_000000000000000000_CS00022",7,7
,,,,,,,,0,"000000000000","TEN0_COM0_0000000000_CS00022_IS00269","TEN0_COM0_000000000000000000_CS00022",8,8
,,,,,,,,0,"000000000000","TEN0_COM0_0000000000_CS00022_IS00270","TEN0_COM0_000000000000000000_CS00022",9,9
,,,,,,,,0,"000000000000","TEN0_COM0_0000000000_CS00023_IS00271","TEN0_COM0_000000000000000000_CS00023",1,1
,,,,,,,,0,"000000000000","TEN0_COM0_0000000000_CS00023_IS00272","TEN0_COM0_000000000000000000_CS00023",2,2
,,,,,,,,0,"000000000000","TEN0_COM0_0000000000_CS00023_IS00273","TEN0_COM0_000000000000000000_CS00023",3,3
,,,,,,,,0,"000000000000","TEN0_COM0_0000000000_CS00023_IS00274","TEN0_COM0_000000000000000000_CS00023",4,4
,,,,,,,,0,"000000000000","TEN0_COM0_0000000000_CS00023_IS00275","TEN0_COM0_000000000000000000_CS00023",5,5
,,,,,,,,0,"000000000000","TEN0_COM0_0000000000_CS00024_IS00276","TEN0_COM0_000000000000000000_CS00024",1,1
,,,,,,,,0,"000000000000","TEN0_COM0_0000000000_CS00024_IS00277","TEN0_COM0_000000000000000000_CS00024",2,2
,,,,,,,,0,"000000000000","TEN0_COM0_0000000000_CS00024_IS00278","TEN0_COM0_000000000000000000_CS00024",3,3
,,,,,,,,0,"000000000000","TEN0_COM0_0000000000_CS00024_IS00279","TEN0_COM0_000000000000000000_CS00024",4,4
,,,,,,,,0,"000000000000","TEN0_COM0_0000000000_CS00024_IS00280","TEN0_COM0_000000000000000000_CS00024",5,5
,,,,,,,,0,"000000000000","TEN0_COM0_0000000000_CS00024_IS00281","TEN0_COM0_000000000000000000_CS00024",6,6
,,,,,,,,0,"000000000000","TEN0_COM0_0000000000_CS00024_IS00282","TEN0_COM0_000000000000000000_CS00024",7,7
,,,,,,,,0,"000000000000","TEN0_COM0_0000000000_CS00024_IS00283","TEN0_COM0_000000000000000000_CS00024",8,8
,,,,,,,,0,"000000000000","TEN0_COM0_0000000000_CS00024_IS00284","TEN0_COM0_000000000000000000_CS00024",9,9
,,,,,,,,0,"000000000000","TEN0_COM0_0000000000_CS00024_IS00285","TEN0_COM0_000000000000000000_CS00024",10,10
,,,,,,,,0,"000000000000","TEN0_COM0_0000000000_CS00024_IS00286","TEN0_COM0_000000000000000000_CS00024",11,11
,,,,,,,,0,"000000000000","TEN0_COM0_0000000000_CS00024_IS00287","TEN0_COM0_000000000000000000_CS00024",12,12
,,,,,,,,0,"000000000000","TEN0_COM0_0000000000_CS00024_IS00288","TEN0_COM0_000000000000000000_CS00024",13,13
,,,,,,,,0,"000000000000","TEN0_COM0_0000000000_CS00024_IS00289","TEN0_COM0_000000000000000000_CS00024",14,14
,,,,,,,,0,"000000000000","TEN0_COM0_0000000000_CS00024_IS00290","TEN0_COM0_000000000000000000_CS00024",15,15
,,,,,,,,0,"000000000000","TEN0_COM0_0000000000_CS00024_IS00291","TEN0_COM0_000000000000000000_CS00024",16,16
,,,,,,,,0,"000000000000","TEN0_COM0_0000000000_CS00024_IS00292","TEN0_COM0_000000000000000000_CS00024",17,17
,,,,,,,,0,"000000000000","TEN0_COM0_0000000000_CS00024_IS00293","TEN0_COM0_000000000000000000_CS00024",18,18
,,,,,,,,0,"000000000000","TEN0_COM0_0000000000_CS00024_IS00294","TEN0_COM0_000000000000000000_CS00024",19,19
,,,,,,,,0,"000000000000","TEN0_COM0_0000000000_CS00025_IS00295","TEN0_COM0_000000000000000000_CS00025",1,1
,,,,,,,,0,"000000000000","TEN0_COM0_0000000000_CS00025_IS00296","TEN0_COM0_000000000000000000_CS00025",2,2
,,,,,,,,0,"000000000000","TEN0_COM0_0000000000_CS00025_IS00297","TEN0_COM0_000000000000000000_CS00025",3,3
,,,,,,,,0,"000000000000","TEN0_COM0_0000000000_CS00025_IS00298","TEN0_COM0_000000000000000000_CS00025",4,4
,,,,,,,,0,"000000000000","TEN0_COM0_0000000000_CS00025_IS00299","TEN0_COM0_000000000000000000_CS00025",5,5
,,,,,,,,0,"000000000000","TEN0_COM0_0000000000_CS00025_IS00300","TEN0_COM0_000000000000000000_CS00025",6,6
,,,,,,,,0,"000000000000","TEN0_COM0_0000000000_CS00025_IS00301","TEN0_COM0_000000000000000000_CS00025",7,7
,,,,,,,,0,"000000000000","TEN0_COM0_0000000000_CS00026_IS00302","TEN0_COM0_000000000000000000_CS00026",1,1
,,,,,,,,0,"000000000000","TEN0_COM0_0000000000_CS00026_IS00303","TEN0_COM0_000000000000000000_CS00026",2,2
,,,,,,,,0,"000000000000","TEN0_COM0_0000000000_CS00026_IS00304","TEN0_COM0_000000000000000000_CS00026",3,3
,,,,,,,,0,"000000000000","TEN0_COM0_0000000000_CS00026_IS00305","TEN0_COM0_000000000000000000_CS00026",4,4
,,,,,,,,0,"000000000000","TEN0_COM0_0000000000_CS00026_IS00306","TEN0_COM0_000000000000000000_CS00026",5,5
,,,,,,,,0,"000000000000","TEN0_COM0_0000000000_CS00026_IS00307","TEN0_COM0_000000000000000000_CS00026",6,6
,,,,,,,,0,"000000000000","TEN0_COM0_0000000000_CS00026_IS00308","TEN0_COM0_000000000000000000_CS00026",7,7
,,,,,,,,0,"000000000000","TEN0_COM0_0000000000_CS00027_IS00309","TEN0_COM0_000000000000000000_CS00027",1,1
,,,,,,,,0,"000000000000","TEN0_COM0_0000000000_CS00027_IS00310","TEN0_COM0_000000000000000000_CS00027",2,2
,,,,,,,,0,"000000000000","TEN0_COM0_0000000000_CS00027_IS00311","TEN0_COM0_000000000000000000_CS00027",3,3
,,,,,,,,0,"000000000000","TEN0_COM0_0000000000_CS00027_IS00312","TEN0_COM0_000000000000000000_CS00027",4,4
,,,,,,,,0,"000000000000","TEN0_COM0_0000000000_CS00027_IS00313","TEN0_COM0_000000000000000000_CS00027",5,5
,,,,,,,,0,"000000000000","TEN0_COM0_0000000000_CS00027_IS00314","TEN0_COM0_000000000000000000_CS00027",6,6
,,,,,,,,0,"000000000000","TEN0_COM0_0000000000_CS00027_IS00315","TEN0_COM0_000000000000000000_CS00027",7,7
,,,,,,,,0,"000000000000","TEN0_COM0_0000000000_CS00028_IS00316","TEN0_COM0_000000000000000000_CS00028",1,1
,,,,,,,,0,"000000000000","TEN0_COM0_0000000000_CS00028_IS00317","TEN0_COM0_000000000000000000_CS00028",2,2
,,,,,,,,0,"000000000000","TEN0_COM0_0000000000_CS00028_IS00318","TEN0_COM0_000000000000000000_CS00028",3,3
,,,,,,,,0,"000000000000","TEN0_COM0_0000000000_CS00028_IS00319","TEN0_COM0_000000000000000000_CS00028",4,4
,,,,,,,,0,"000000000000","TEN0_COM0_0000000000_CS00028_IS00320","TEN0_COM0_000000000000000000_CS00028",5,5
,,,,,,,,0,"000000000000","TEN0_COM0_0000000000_CS00028_IS00321","TEN0_COM0_000000000000000000_CS00028",6,6
,,,,,,,,0,"000000000000","TEN0_COM0_0000000000_CS00028_IS00322","TEN0_COM0_000000000000000000_CS00028",7,7
,,,,,,,,0,"000000000000","TEN0_COM0_0000000000_CS00029_IS00323","TEN0_COM0_000000000000000000_CS00029",1,1
,,,,,,,,0,"000000000000","TEN0_COM0_0000000000_CS00029_IS00324","TEN0_COM0_000000000000000000_CS00029",2,2
,,,,,,,,0,"000000000000","TEN0_COM0_0000000000_CS00029_IS00325","TEN0_COM0_000000000000000000_CS00029",3,3
,,,,,,,,0,"000000000000","TEN0_COM0_0000000000_CS00029_IS00326","TEN0_COM0_000000000000000000_CS00029",4,4
,,,,,,,,0,"000000000000","TEN0_COM0_0000000000_CS00029_IS00327","TEN0_COM0_000000000000000000_CS00029",5,5
,,,,,,,,0,"000000000000","TEN0_COM0_0000000000_CS00029_IS00328","TEN0_COM0_000000000000000000_CS00029",6,6
,,,,,,,,0,"000000000000","TEN0_COM0_0000000000_CS00029_IS00329","TEN0_COM0_000000000000000000_CS00029",7,7
,,,,,,,,0,"000000000000","TEN0_COM0_0000000000_CS00030_IS00330","TEN0_COM0_000000000000000000_CS00030",1,1
,,,,,,,,0,"000000000000","TEN0_COM0_0000000000_CS00030_IS00331","TEN0_COM0_000000000000000000_CS00030",2,2
,,,,,,,,0,"000000000000","TEN0_COM0_0000000000_CS00030_IS00332","TEN0_COM0_000000000000000000_CS00030",3,3
,,,,,,,,0,"000000000000","TEN0_COM0_0000000000_CS00030_IS00333","TEN0_COM0_000000000000000000_CS00030",4,4
,,,,,,,,0,"000000000000","TEN0_COM0_0000000000_CS00030_IS00334","TEN0_COM0_000000000000000000_CS00030",5,5
,,,,,,,,0,"000000000000","TEN0_COM0_0000000000_CS00030_IS00335","TEN0_COM0_000000000000000000_CS00030",6,6
,,,,,,,,0,"000000000000","TEN0_COM0_0000000000_CS00030_IS00336","TEN0_COM0_000000000000000000_CS00030",7,7
,,,,,,,,0,"000000000000","TEN0_COM0_0000000000_CS00031_IS00337","TEN0_COM0_000000000000000000_CS00031",1,1
,,,,,,,,0,"000000000000","TEN0_COM0_0000000000_CS00031_IS00338","TEN0_COM0_000000000000000000_CS00031",2,2
,,,,,,,,0,"000000000000","TEN0_COM0_0000000000_CS00031_IS00339","TEN0_COM0_000000000000000000_CS00031",3,3
,,,,,,,,0,"000000000000","TEN0_COM0_0000000000_CS00031_IS00340","TEN0_COM0_000000000000000000_CS00031",4,4
,,,,,,,,0,"000000000000","TEN0_COM0_0000000000_CS00031_IS00341","TEN0_COM0_000000000000000000_CS00031",5,5
,,,,,,,,0,"000000000000","TEN0_COM0_0000000000_CS00031_IS00342","TEN0_COM0_000000000000000000_CS00031",6,6
,,,,,,,,0,"000000000000","TEN0_COM0_0000000000_CS00031_IS00343","TEN0_COM0_000000000000000000_CS00031",7,7
,,,,,,,,0,"000000000000","TEN0_COM0_0000000000_CS00032_IS00344","TEN0_COM0_000000000000000000_CS00032",1,1
,,,,,,,,0,"000000000000","TEN0_COM0_0000000000_CS00032_IS00345","TEN0_COM0_000000000000000000_CS00032",2,2
,,,,,,,,0,"000000000000","TEN0_COM0_0000000000_CS00032_IS00346","TEN0_COM0_000000000000000000_CS00032",3,3
,,,,,,,,0,"000000000000","TEN0_COM0_0000000000_CS00032_IS00347","TEN0_COM0_000000000000000000_CS00032",4,4
,,,,,,,,0,"000000000000","TEN0_COM0_0000000000_CS00032_IS00348","TEN0_COM0_000000000000000000_CS00032",5,5
,,,,,,,,0,"000000000000","TEN0_COM0_0000000000_CS00032_IS00349","TEN0_COM0_000000000000000000_CS00032",6,6
,,,,,,,,0,"000000000000","TEN0_COM0_0000000000_CS00032_IS00350","TEN0_COM0_000000000000000000_CS00032",7,7
,,,,,,,,0,"000000000000","TEN0_COM0_0000000000_CS00033_IS00351","TEN0_COM0_000000000000000000_CS00033",1,1
,,,,,,,,0,"000000000000","TEN0_COM0_0000000000_CS00033_IS00352","TEN0_COM0_000000000000000000_CS00033",2,2
,,,,,,,,0,"000000000000","TEN0_COM0_0000000000_CS00033_IS00353","TEN0_COM0_000000000000000000_CS00033",3,3
,,,,,,,,0,"000000000000","TEN0_COM0_0000000000_CS00033_IS00354","TEN0_COM0_000000000000000000_CS00033",4,4
,,,,,,,,0,"000000000000","TEN0_COM0_0000000000_CS00033_IS00355","TEN0_COM0_000000000000000000_CS00033",5,5
,,,,,,,,0,"000000000000","TEN0_COM0_0000000000_CS00033_IS00356","TEN0_COM0_000000000000000000_CS00033",6,6
,,,,,,,,0,"000000000000","TEN0_COM0_0000000000_CS00033_IS00357","TEN0_COM0_000000000000000000_CS00033",7,7
,,,,,,,,0,"000000000000","TEN0_COM0_0000000000_CS00034_IS00358","TEN0_COM0_000000000000000000_CS00034",1,1
,,,,,,,,0,"000000000000","TEN0_COM0_0000000000_CS00034_IS00359","TEN0_COM0_000000000000000000_CS00034",2,2
,,,,,,,,0,"000000000000","TEN0_COM0_0000000000_CS00034_IS00360","TEN0_COM0_000000000000000000_CS00034",3,3
,,,,,,,,0,"000000000000","TEN0_COM0_0000000000_CS00034_IS00361","TEN0_COM0_000000000000000000_CS00034",4,4
,,,,,,,,0,"000000000000","TEN0_COM0_0000000000_CS00034_IS00362","TEN0_COM0_000000000000000000_CS00034",5,5
,,,,,,,,0,"000000000000","TEN0_COM0_0000000000_CS00034_IS00363","TEN0_COM0_000000000000000000_CS00034",6,6
,,,,,,,,0,"000000000000","TEN0_COM0_0000000000_CS00034_IS00364","TEN0_COM0_000000000000000000_CS00034",7,7
,,,,,,,,0,"000000000000","TEN0_COM0_0000000000_CS00035_IS00366","TEN0_COM0_000000000000000000_CS00035",1,1
,,,,,,,,0,"000000000000","TEN0_COM0_0000000000_CS00035_IS00368","TEN0_COM0_000000000000000000_CS00035",2,2
,,,,,,,,0,"000000000000","TEN0_COM0_0000000000_CS00035_IS00369","TEN0_COM0_000000000000000000_CS00035",3,3
,,,,,,,,0,"000000000000","TEN0_COM0_0000000000_CS00035_IS00370","TEN0_COM0_000000000000000000_CS00035",4,4
,,,,,,,,0,"000000000000","TEN0_COM0_0000000000_CS00035_IS00371","TEN0_COM0_000000000000000000_CS00035",5,5
,,,,,,,,0,"000000000000","TEN0_COM0_0000000000_CS00035_IS00372","TEN0_COM0_000000000000000000_CS00035",6,6
,,,,,,,,0,"000000000000","TEN0_COM0_0000000000_CS00035_IS00374","TEN0_COM0_000000000000000000_CS00035",7,7
,,,,,,,,0,"000000000000","TEN0_COM0_0000000000_CS00036_IS00375","TEN0_COM0_000000000000000000_CS00036",1,1
,,,,,,,,0,"000000000000","TEN0_COM0_0000000000_CS00036_IS00376","TEN0_COM0_000000000000000000_CS00036",2,2
,,,,,,,,0,"000000000000","TEN0_COM0_0000000000_CS00036_IS00377","TEN0_COM0_000000000000000000_CS00036",3,3
,,,,,,,,0,"000000000000","TEN0_COM0_0000000000_CS00036_IS00378","TEN0_COM0_000000000000000000_CS00036",4,4
,,,,,,,,0,"000000000000","TEN0_COM0_0000000000_CS00036_IS00379","TEN0_COM0_000000000000000000_CS00036",5,5
,,,,,,,,0,"000000000000","TEN0_COM0_0000000000_CS00036_IS00380","TEN0_COM0_000000000000000000_CS00036",6,6
,,,,,,,,0,"000000000000","TEN0_COM0_0000000000_CS00036_IS00381","TEN0_COM0_000000000000000000_CS00036",7,7
,,,,,,,,0,"000000000000","TEN0_COM0_0000000000_CS00036_IS00382","TEN0_COM0_000000000000000000_CS00036",8,8
,,,,,,,,0,"000000000000","TEN0_COM0_0000000000_CS00036_IS00383","TEN0_COM0_000000000000000000_CS00036",9,9
,,,,,,,,0,"000000000000","TEN0_COM0_0000000000_CS00036_IS00384","TEN0_COM0_000000000000000000_CS00036",10,10
,,,,,,,,0,"000000000000","TEN0_COM0_0000000000_CS00037_IS00385","TEN0_COM0_000000000000000000_CS00037",1,1
,,,,,,,,0,"000000000000","TEN0_COM0_0000000000_CS00037_IS00386","TEN0_COM0_000000000000000000_CS00037",2,2
,,,,,,,,0,"000000000000","TEN0_COM0_0000000000_CS00037_IS00387","TEN0_COM0_000000000000000000_CS00037",3,3
,,,,,,,,0,"000000000000","TEN0_COM0_0000000000_CS00037_IS00388","TEN0_COM0_000000000000000000_CS00037",4,4
,,,,,,,,0,"000000000000","TEN0_COM0_0000000000_CS00037_IS00389","TEN0_COM0_000000000000000000_CS00037",5,5
,,,,,,,,0,"000000000000","TEN0_COM0_0000000000_CS00037_IS00390","TEN0_COM0_000000000000000000_CS00037",6,6
,,,,,,,,0,"000000000000","TEN0_COM0_0000000000_CS00037_IS00391","TEN0_COM0_000000000000000000_CS00037",7,7
,,,,,,,,0,"000000000000","TEN0_COM0_0000000000_CS00037_IS00392","TEN0_COM0_000000000000000000_CS00037",8,8
,,,,,,,,0,"000000000000","TEN0_COM0_0000000000_CS00037_IS00393","TEN0_COM0_000000000000000000_CS00037",9,9
,,,,,,,,0,"000000000000","TEN0_COM0_0000000000_CS00037_IS00394","TEN0_COM0_000000000000000000_CS00037",10,10
,,,,,,,,0,"000000000000","TEN0_COM0_0000000000_CS00037_IS00395","TEN0_COM0_000000000000000000_CS00037",11,11
,,,,,,,,0,"000000000000","TEN0_COM0_0000000000_CS00037_IS00396","TEN0_COM0_000000000000000000_CS00037",12,12
,,,,,,,,0,"000000000000","TEN0_COM0_0000000000_CS00037_IS00397","TEN0_COM0_000000000000000000_CS00037",13,13
,,,,,,,,0,"000000000000","TEN0_COM0_0000000000_CS00038_IS00398","TEN0_COM0_000000000000000000_CS00038",1,1
,,,,,,,,0,"000000000000","TEN0_COM0_0000000000_CS00038_IS00399","TEN0_COM0_000000000000000000_CS00038",2,2
,,,,,,,,0,"000000000000","TEN0_COM0_0000000000_CS00038_IS00400","TEN0_COM0_000000000000000000_CS00038",3,3
,,,,,,,,0,"000000000000","TEN0_COM0_0000000000_CS00038_IS00401","TEN0_COM0_000000000000000000_CS00038",4,4
,,,,,,,,0,"000000000000","TEN0_COM0_0000000000_CS00038_IS00403","TEN0_COM0_000000000000000000_CS00038",5,5
,,,,,,,,0,"000000000000","TEN0_COM0_0000000000_CS00038_IS00404","TEN0_COM0_000000000000000000_CS00038",6,6
,,,,,,,,0,"000000000000","TEN0_COM0_0000000000_CS00038_IS00405","TEN0_COM0_000000000000000000_CS00038",7,7
,,,,,,,,0,"000000000000","TEN0_COM0_0000000000_CS00038_IS00406","TEN0_COM0_000000000000000000_CS00038",8,8
,,,,,,,,0,"000000000000","TEN0_COM0_0000000000_CS00038_IS00408","TEN0_COM0_000000000000000000_CS00038",9,9
,,,,,,,,0,"000000000000","TEN0_COM0_0000000000_CS00039_IS00409","TEN0_COM0_000000000000000000_CS00039",1,1
,,,,,,,,0,"000000000000","TEN0_COM0_0000000000_CS00039_IS00410","TEN0_COM0_000000000000000000_CS00039",2,2
,,,,,,,,0,"000000000000","TEN0_COM0_0000000000_CS00039_IS00411","TEN0_COM0_000000000000000000_CS00039",3,3
,,,,,,,,0,"000000000000","TEN0_COM0_0000000000_CS00039_IS00412","TEN0_COM0_000000000000000000_CS00039",4,4
,,,,,,,,0,"000000000000","TEN0_COM0_0000000000_CS00039_IS00413","TEN0_COM0_000000000000000000_CS00039",5,5
,,,,,,,,0,"000000000000","TEN0_COM0_0000000000_CS00039_IS00414","TEN0_COM0_000000000000000000_CS00039",6,6
,,,,,,,,0,"000000000000","TEN0_COM0_0000000000_CS00039_IS00415","TEN0_COM0_000000000000000000_CS00039",7,7
,,,,,,,,0,"000000000000","TEN0_COM0_0000000000_CS00039_IS00416","TEN0_COM0_000000000000000000_CS00039",8,8
,,,,,,,,0,"000000000000","TEN0_COM0_0000000000_CS00039_IS00417","TEN0_COM0_000000000000000000_CS00039",9,9
,,,,,,,,0,"000000000000","TEN0_COM0_0000000000_CS00039_IS00418","TEN0_COM0_000000000000000000_CS00039",10,10
,,,,,,,,0,"000000000000","TEN0_COM0_0000000000_CS00039_IS00419","TEN0_COM0_000000000000000000_CS00039",11,11
,,,,,,,,0,"000000000000","TEN0_COM0_0000000000_CS00039_IS00420","TEN0_COM0_000000000000000000_CS00039",12,12
,,,,,,,,0,"000000000000","TEN0_COM0_0000000000_CS00039_IS00421","TEN0_COM0_000000000000000000_CS00039",13,13
,,,,,,,,0,"000000000000","TEN0_COM0_0000000000_CS00039_IS00422","TEN0_COM0_000000000000000000_CS00039",14,14
,,,,,,,,0,"000000000000","TEN0_COM0_0000000000_CS00039_IS00423","TEN0_COM0_000000000000000000_CS00039",15,15
,,,,,,,,0,"000000000000","TEN0_COM0_0000000000_CS00040_IS00424","TEN0_COM0_000000000000000000_CS00040",1,1
,,,,,,,,0,"000000000000","TEN0_COM0_0000000000_CS00040_IS00425","TEN0_COM0_000000000000000000_CS00040",2,2
,,,,,,,,0,"000000000000","TEN0_COM0_0000000000_CS00040_IS00426","TEN0_COM0_000000000000000000_CS00040",3,3
,,,,,,,,0,"000000000000","TEN0_COM0_0000000000_CS00040_IS00427","TEN0_COM0_000000000000000000_CS00040",4,4
,,,,,,,,0,"000000000000","TEN0_COM0_0000000000_CS00040_IS00428","TEN0_COM0_000000000000000000_CS00040",5,5
,,,,,,,,0,"000000000000","TEN0_COM0_0000000000_CS00040_IS00429","TEN0_COM0_000000000000000000_CS00040",6,6
,,,,,,,,0,"000000000000","TEN0_COM0_0000000000_CS00040_IS00430","TEN0_COM0_000000000000000000_CS00040",7,7
,,,,,,,,0,"000000000000","TEN0_COM0_0000000000_CS00040_IS00431","TEN0_COM0_000000000000000000_CS00040",8,8
,,,,,,,,0,"000000000000","TEN0_COM0_0000000000_CS00040_IS00432","TEN0_COM0_000000000000000000_CS00040",9,9
,,,,,,,,0,"000000000000","TEN0_COM0_0000000000_CS00040_IS00433","TEN0_COM0_000000000000000000_CS00040",10,10
,,,,,,,,0,"000000000000","TEN0_COM0_0000000000_CS00040_IS00434","TEN0_COM0_000000000000000000_CS00040",11,11
,,,,,,,,0,"000000000000","TEN0_COM0_0000000000_CS00040_IS00435","TEN0_COM0_000000000000000000_CS00040",12,12
,,,,,,,,0,"000000000000","TEN0_COM0_0000000000_CS00040_IS00436","TEN0_COM0_000000000000000000_CS00040",13,13
,,,,,,,,0,"000000000000","TEN0_COM0_0000000000_CS00040_IS00437","TEN0_COM0_000000000000000000_CS00040",14,14
,,,,,,,,0,"000000000000","TEN0_COM0_0000000000_CS00040_IS00438","TEN0_COM0_000000000000000000_CS00040",15,15
,,,,,,,,0,"000000000000","TEN0_COM0_0000000000_CS00041_IS00439","TEN0_COM0_000000000000000000_CS00041",1,1
,,,,,,,,0,"000000000000","TEN0_COM0_0000000000_CS00041_IS00440","TEN0_COM0_000000000000000000_CS00041",2,2
,,,,,,,,0,"000000000000","TEN0_COM0_0000000000_CS00041_IS00441","TEN0_COM0_000000000000000000_CS00041",3,3
,,,,,,,,0,"000000000000","TEN0_COM0_0000000000_CS00041_IS00442","TEN0_COM0_000000000000000000_CS00041",4,4
,,,,,,,,0,"000000000000","TEN0_COM0_0000000000_CS00041_IS00443","TEN0_COM0_000000000000000000_CS00041",5,5
,,,,,,,,0,"000000000000","TEN0_COM0_0000000000_CS00041_IS00444","TEN0_COM0_000000000000000000_CS00041",6,6
,,,,,,,,0,"000000000000","TEN0_COM0_0000000000_CS00041_IS00445","TEN0_COM0_000000000000000000_CS00041",7,7
,,,,,,,,0,"000000000000","TEN0_COM0_0000000000_CS00041_IS00446","TEN0_COM0_000000000000000000_CS00041",8,8
,,,,,,,,0,"000000000000","TEN0_COM0_0000000000_CS00041_IS00447","TEN0_COM0_000000000000000000_CS00041",9,9
,,,,,,,,0,"000000000000","TEN0_COM0_0000000000_CS00041_IS00448","TEN0_COM0_000000000000000000_CS00041",10,10
,,,,,,,,0,"000000000000","TEN0_COM0_0000000000_CS00041_IS00449","TEN0_COM0_000000000000000000_CS00041",11,11
,,,,,,,,0,"000000000000","TEN0_COM0_0000000000_CS00041_IS00450","TEN0_COM0_000000000000000000_CS00041",12,12
,,,,,,,,0,"000000000000","TEN0_COM0_0000000000_CS00041_IS00451","TEN0_COM0_000000000000000000_CS00041",13,13
,,,,,,,,0,"000000000000","TEN0_COM0_0000000000_CS00041_IS00452","TEN0_COM0_000000000000000000_CS00041",14,14
,,,,,,,,0,"000000000000","TEN0_COM0_0000000000_CS00041_IS00453","TEN0_COM0_000000000000000000_CS00041",15,15
,,,,,,,,0,"000000000000","TEN0_COM0_0000000000_CS00042_IS00454","TEN0_COM0_000000000000000000_CS00042",1,1
,,,,,,,,0,"000000000000","TEN0_COM0_0000000000_CS00042_IS00455","TEN0_COM0_000000000000000000_CS00042",2,2
,,,,,,,,0,"000000000000","TEN0_COM0_0000000000_CS00042_IS00456","TEN0_COM0_000000000000000000_CS00042",3,3
,,,,,,,,0,"000000000000","TEN0_COM0_0000000000_CS00042_IS00457","TEN0_COM0_000000000000000000_CS00042",4,4
,,,,,,,,0,"000000000000","TEN0_COM0_0000000000_CS00042_IS00458","TEN0_COM0_000000000000000000_CS00042",5,5
,,,,,,,,0,"000000000000","TEN0_COM0_0000000000_CS00042_IS00459","TEN0_COM0_000000000000000000_CS00042",6,6
,,,,,,,,0,"000000000000","TEN0_COM0_0000000000_CS00042_IS00460","TEN0_COM0_000000000000000000_CS00042",7,7
,,,,,,,,0,"000000000000","TEN0_COM0_0000000000_CS00042_IS00461","TEN0_COM0_000000000000000000_CS00042",8,8
,,,,,,,,0,"000000000000","TEN0_COM0_0000000000_CS00042_IS00462","TEN0_COM0_000000000000000000_CS00042",9,9
,,,,,,,,0,"000000000000","TEN0_COM0_0000000000_CS00042_IS00463","TEN0_COM0_000000000000000000_CS00042",10,10
,,,,,,,,0,"000000000000","TEN0_COM0_0000000000_CS00042_IS00464","TEN0_COM0_000000000000000000_CS00042",11,11
,,,,,,,,0,"000000000000","TEN0_COM0_0000000000_CS00042_IS00465","TEN0_COM0_000000000000000000_CS00042",12,12
,,,,,,,,0,"000000000000","TEN0_COM0_0000000000_CS00042_IS00466","TEN0_COM0_000000000000000000_CS00042",13,13
,,,,,,,,0,"000000000000","TEN0_COM0_0000000000_CS00042_IS00467","TEN0_COM0_000000000000000000_CS00042",14,14
,,,,,,,,0,"000000000000","TEN0_COM0_0000000000_CS00042_IS00468","TEN0_COM0_000000000000000000_CS00042",15,15
,,,,,,,,0,"000000000000","TEN0_COM0_0000000000_CS00043_IS00469","TEN0_COM0_000000000000000000_CS00043",1,1
,,,,,,,,0,"000000000000","TEN0_COM0_0000000000_CS00043_IS00470","TEN0_COM0_000000000000000000_CS00043",2,2
,,,,,,,,0,"000000000000","TEN0_COM0_0000000000_CS00043_IS00471","TEN0_COM0_000000000000000000_CS00043",3,3
,,,,,,,,0,"000000000000","TEN0_COM0_0000000000_CS00043_IS00472","TEN0_COM0_000000000000000000_CS00043",4,4
,,,,,,,,0,"000000000000","TEN0_COM0_0000000000_CS00043_IS00473","TEN0_COM0_000000000000000000_CS00043",5,5
,,,,,,,,0,"000000000000","TEN0_COM0_0000000000_CS00043_IS00474","TEN0_COM0_000000000000000000_CS00043",6,6
,,,,,,,,0,"000000000000","TEN0_COM0_0000000000_CS00043_IS00475","TEN0_COM0_000000000000000000_CS00043",7,7
,,,,,,,,0,"000000000000","TEN0_COM0_0000000000_CS00043_IS00476","TEN0_COM0_000000000000000000_CS00043",8,8
,,,,,,,,0,"000000000000","TEN0_COM0_0000000000_CS00043_IS00477","TEN0_COM0_000000000000000000_CS00043",9,9
,,,,,,,,0,"000000000000","TEN0_COM0_0000000000_CS00043_IS00478","TEN0_COM0_000000000000000000_CS00043",10,10
,,,,,,,,0,"000000000000","TEN0_COM0_0000000000_CS00043_IS00479","TEN0_COM0_000000000000000000_CS00043",11,11
,,,,,,,,0,"000000000000","TEN0_COM0_0000000000_CS00043_IS00480","TEN0_COM0_000000000000000000_CS00043",12,12
,,,,,,,,0,"000000000000","TEN0_COM0_0000000000_CS00043_IS00481","TEN0_COM0_000000000000000000_CS00043",13,13
,,,,,,,,0,"000000000000","TEN0_COM0_0000000000_CS00043_IS00482","TEN0_COM0_000000000000000000_CS00043",14,14
,,,,,,,,0,"000000000000","TEN0_COM0_0000000000_CS00043_IS00483","TEN0_COM0_000000000000000000_CS00043",15,15
,,,,,,,,0,"000000000000","TEN0_COM0_0000000000_CS00044_IS00484","TEN0_COM0_000000000000000000_CS00044",1,1
,,,,,,,,0,"000000000000","TEN0_COM0_0000000000_CS00044_IS00485","TEN0_COM0_000000000000000000_CS00044",2,2
,,,,,,,,0,"000000000000","TEN0_COM0_0000000000_CS00044_IS00486","TEN0_COM0_000000000000000000_CS00044",3,3
,,,,,,,,0,"000000000000","TEN0_COM0_0000000000_CS00044_IS00487","TEN0_COM0_000000000000000000_CS00044",4,4
,,,,,,,,0,"000000000000","TEN0_COM0_0000000000_CS00044_IS00488","TEN0_COM0_000000000000000000_CS00044",5,5
,,,,,,,,0,"000000000000","TEN0_COM0_0000000000_CS00044_IS00489","TEN0_COM0_000000000000000000_CS00044",6,6
,,,,,,,,0,"000000000000","TEN0_COM0_0000000000_CS00044_IS00490","TEN0_COM0_000000000000000000_CS00044",7,7
,,,,,,,,0,"000000000000","TEN0_COM0_0000000000_CS00044_IS00491","TEN0_COM0_000000000000000000_CS00044",8,8
,,,,,,,,0,"000000000000","TEN0_COM0_0000000000_CS00044_IS00492","TEN0_COM0_000000000000000000_CS00044",9,9
,,,,,,,,0,"000000000000","TEN0_COM0_0000000000_CS00044_IS00493","TEN0_COM0_000000000000000000_CS00044",10,10
,,,,,,,,0,"000000000000","TEN0_COM0_0000000000_CS00044_IS00494","TEN0_COM0_000000000000000000_CS00044",11,11
,,,,,,,,0,"000000000000","TEN0_COM0_0000000000_CS00044_IS00495","TEN0_COM0_000000000000000000_CS00044",12,12
,,,,,,,,0,"000000000000","TEN0_COM0_0000000000_CS00044_IS00496","TEN0_COM0_000000000000000000_CS00044",13,13
,,,,,,,,0,"000000000000","TEN0_COM0_0000000000_CS00044_IS00497","TEN0_COM0_000000000000000000_CS00044",14,14
,,,,,,,,0,"000000000000","TEN0_COM0_0000000000_CS00044_IS00498","TEN0_COM0_000000000000000000_CS00044",15,15
,,,,,,,,0,"000000000000","TEN0_COM0_0000000000_CS00045_IS00499","TEN0_COM0_000000000000000000_CS00045",1,1
,,,,,,,,0,"000000000000","TEN0_COM0_0000000000_CS00045_IS00500","TEN0_COM0_000000000000000000_CS00045",2,2
,,,,,,,,0,"000000000000","TEN0_COM0_0000000000_CS00045_IS00501","TEN0_COM0_000000000000000000_CS00045",3,3
,,,,,,,,0,"000000000000","TEN0_COM0_0000000000_CS00045_IS00502","TEN0_COM0_000000000000000000_CS00045",4,4
,,,,,,,,0,"000000000000","TEN0_COM0_0000000000_CS00045_IS00503","TEN0_COM0_000000000000000000_CS00045",5,5
,,,,,,,,0,"000000000000","TEN0_COM0_0000000000_CS00045_IS00504","TEN0_COM0_000000000000000000_CS00045",6,6
,,,,,,,,0,"000000000000","TEN0_COM0_0000000000_CS00045_IS00505","TEN0_COM0_000000000000000000_CS00045",7,7
,,,,,,,,0,"000000000000","TEN0_COM0_0000000000_CS00045_IS00506","TEN0_COM0_000000000000000000_CS00045",8,8
,,,,,,,,0,"000000000000","TEN0_COM0_0000000000_CS00045_IS00507","TEN0_COM0_000000000000000000_CS00045",9,9
,,,,,,,,0,"000000000000","TEN0_COM0_0000000000_CS00045_IS00508","TEN0_COM0_000000000000000000_CS00045",10,10
,,,,,,,,0,"000000000000","TEN0_COM0_0000000000_CS00045_IS00509","TEN0_COM0_000000000000000000_CS00045",11,11
,,,,,,,,0,"000000000000","TEN0_COM0_0000000000_CS00045_IS00510","TEN0_COM0_000000000000000000_CS00045",12,12
,,,,,,,,0,"000000000000","TEN0_COM0_0000000000_CS00045_IS00511","TEN0_COM0_000000000000000000_CS00045",13,13
,,,,,,,,0,"000000000000","TEN0_COM0_0000000000_CS00045_IS00512","TEN0_COM0_000000000000000000_CS00045",14,14
,,,,,,,,0,"000000000000","TEN0_COM0_0000000000_CS00045_IS00513","TEN0_COM0_000000000000000000_CS00045",15,15
,,,,,,,,0,"000000000000","TEN0_COM0_0000000000_CS00046_IS00514","TEN0_COM0_000000000000000000_CS00046",1,1
,,,,,,,,0,"000000000000","TEN0_COM0_0000000000_CS00046_IS00515","TEN0_COM0_000000000000000000_CS00046",2,2
,,,,,,,,0,"000000000000","TEN0_COM0_0000000000_CS00046_IS00516","TEN0_COM0_000000000000000000_CS00046",3,3
,,,,,,,,0,"000000000000","TEN0_COM0_0000000000_CS00046_IS00517","TEN0_COM0_000000000000000000_CS00046",4,4
,,,,,,,,0,"000000000000","TEN0_COM0_0000000000_CS00046_IS00518","TEN0_COM0_000000000000000000_CS00046",5,5
,,,,,,,,0,"000000000000","TEN0_COM0_0000000000_CS00046_IS00519","TEN0_COM0_000000000000000000_CS00046",6,6
,,,,,,,,0,"000000000000","TEN0_COM0_0000000000_CS00046_IS00520","TEN0_COM0_000000000000000000_CS00046",7,7
,,,,,,,,0,"000000000000","TEN0_COM0_0000000000_CS00046_IS00521","TEN0_COM0_000000000000000000_CS00046",8,8
,,,,,,,,0,"000000000000","TEN0_COM0_0000000000_CS00046_IS00522","TEN0_COM0_000000000000000000_CS00046",9,9
,,,,,,,,0,"000000000000","TEN0_COM0_0000000000_CS00046_IS00523","TEN0_COM0_000000000000000000_CS00046",10,10
,,,,,,,,0,"000000000000","TEN0_COM0_0000000000_CS00046_IS00524","TEN0_COM0_000000000000000000_CS00046",11,11
,,,,,,,,0,"000000000000","TEN0_COM0_0000000000_CS00046_IS00525","TEN0_COM0_000000000000000000_CS00046",12,12
,,,,,,,,0,"000000000000","TEN0_COM0_0000000000_CS00046_IS00526","TEN0_COM0_000000000000000000_CS00046",13,13
,,,,,,,,0,"000000000000","TEN0_COM0_0000000000_CS00046_IS00527","TEN0_COM0_000000000000000000_CS00046",14,14
,,,,,,,,0,"000000000000","TEN0_COM0_0000000000_CS00046_IS00528","TEN0_COM0_000000000000000000_CS00046",15,15
,,,,,,,,0,"000000000000","TEN0_COM0_0000000000_CS00047_IS00529","TEN0_COM0_000000000000000000_CS00047",1,1
,,,,,,,,0,"000000000000","TEN0_COM0_0000000000_CS00047_IS00530","TEN0_COM0_000000000000000000_CS00047",2,2
,,,,,,,,0,"000000000000","TEN0_COM0_0000000000_CS00047_IS00531","TEN0_COM0_000000000000000000_CS00047",3,3
,,,,,,,,0,"000000000000","TEN0_COM0_0000000000_CS00047_IS00532","TEN0_COM0_000000000000000000_CS00047",4,4
,,,,,,,,0,"000000000000","TEN0_COM0_0000000000_CS00047_IS00533","TEN0_COM0_000000000000000000_CS00047",5,5
,,,,,,,,0,"000000000000","TEN0_COM0_0000000000_CS00047_IS00534","TEN0_COM0_000000000000000000_CS00047",6,6
,,,,,,,,0,"000000000000","TEN0_COM0_0000000000_CS00047_IS00535","TEN0_COM0_000000000000000000_CS00047",7,7
,,,,,,,,0,"000000000000","TEN0_COM0_0000000000_CS00047_IS00536","TEN0_COM0_000000000000000000_CS00047",8,8
,,,,,,,,0,"000000000000","TEN0_COM0_0000000000_CS00047_IS00537","TEN0_COM0_000000000000000000_CS00047",9,9
,,,,,,,,0,"000000000000","TEN0_COM0_0000000000_CS00047_IS00538","TEN0_COM0_000000000000000000_CS00047",10,10
,,,,,,,,0,"000000000000","TEN0_COM0_0000000000_CS00047_IS00539","TEN0_COM0_000000000000000000_CS00047",11,11
,,,,,,,,0,"000000000000","TEN0_COM0_0000000000_CS00047_IS00540","TEN0_COM0_000000000000000000_CS00047",12,12
,,,,,,,,0,"000000000000","TEN0_COM0_0000000000_CS00047_IS00541","TEN0_COM0_000000000000000000_CS00047",13,13
,,,,,,,,0,"000000000000","TEN0_COM0_0000000000_CS00047_IS00542","TEN0_COM0_000000000000000000_CS00047",14,14
,,,,,,,,0,"000000000000","TEN0_COM0_0000000000_CS00047_IS00543","TEN0_COM0_000000000000000000_CS00047",15,15
,,,,,,,,0,"000000000000","TEN0_COM0_0000000000_CS00048_IS00544","TEN0_COM0_000000000000000000_CS00048",1,1
,,,,,,,,0,"000000000000","TEN0_COM0_0000000000_CS00048_IS00545","TEN0_COM0_000000000000000000_CS00048",2,2
,,,,,,,,0,"000000000000","TEN0_COM0_0000000000_CS00048_IS00546","TEN0_COM0_000000000000000000_CS00048",3,3
,,,,,,,,0,"000000000000","TEN0_COM0_0000000000_CS00048_IS00547","TEN0_COM0_000000000000000000_CS00048",4,4
,,,,,,,,0,"000000000000","TEN0_COM0_0000000000_CS00048_IS00548","TEN0_COM0_000000000000000000_CS00048",5,5
,,,,,,,,0,"000000000000","TEN0_COM0_0000000000_CS00048_IS00549","TEN0_COM0_000000000000000000_CS00048",6,6
,,,,,,,,0,"000000000000","TEN0_COM0_0000000000_CS00048_IS00550","TEN0_COM0_000000000000000000_CS00048",7,7
,,,,,,,,0,"000000000000","TEN0_COM0_0000000000_CS00048_IS00551","TEN0_COM0_000000000000000000_CS00048",8,8
,,,,,,,,0,"000000000000","TEN0_COM0_0000000000_CS00048_IS00552","TEN0_COM0_000000000000000000_CS00048",9,9
,,,,,,,,0,"000000000000","TEN0_COM0_0000000000_CS00048_IS00553","TEN0_COM0_000000000000000000_CS00048",10,10
,,,,,,,,0,"000000000000","TEN0_COM0_0000000000_CS00048_IS00554","TEN0_COM0_000000000000000000_CS00048",11,11
,,,,,,,,0,"000000000000","TEN0_COM0_0000000000_CS00048_IS00555","TEN0_COM0_000000000000000000_CS00048",12,12
,,,,,,,,0,"000000000000","TEN0_COM0_0000000000_CS00048_IS00556","TEN0_COM0_000000000000000000_CS00048",13,13
,,,,,,,,0,"000000000000","TEN0_COM0_0000000000_CS00048_IS00557","TEN0_COM0_000000000000000000_CS00048",14,14
,,,,,,,,0,"000000000000","TEN0_COM0_0000000000_CS00048_IS00558","TEN0_COM0_000000000000000000_CS00048",15,15
,,,,,,,,0,"000000000000","TEN0_COM0_0000000000_CS00049_IS00559","TEN0_COM0_000000000000000000_CS00049",1,1
,,,,,,,,0,"000000000000","TEN0_COM0_0000000000_CS00049_IS00560","TEN0_COM0_000000000000000000_CS00049",2,2
,,,,,,,,0,"000000000000","TEN0_COM0_0000000000_CS00049_IS00561","TEN0_COM0_000000000000000000_CS00049",3,3
,,,,,,,,0,"000000000000","TEN0_COM0_0000000000_CS00049_IS00562","TEN0_COM0_000000000000000000_CS00049",4,4
,,,,,,,,0,"000000000000","TEN0_COM0_0000000000_CS00049_IS00563","TEN0_COM0_000000000000000000_CS00049",5,5
,,,,,,,,0,"000000000000","TEN0_COM0_0000000000_CS00049_IS00564","TEN0_COM0_000000000000000000_CS00049",6,6
,,,,,,,,0,"000000000000","TEN0_COM0_0000000000_CS00049_IS00565","TEN0_COM0_000000000000000000_CS00049",7,7
,,,,,,,,0,"000000000000","TEN0_COM0_0000000000_CS00050_IS00566","TEN0_COM0_000000000000000000_CS00050",1,1
,,,,,,,,0,"000000000000","TEN0_COM0_0000000000_CS00050_IS00567","TEN0_COM0_000000000000000000_CS00050",2,2
,,,,,,,,0,"000000000000","TEN0_COM0_0000000000_CS00050_IS00568","TEN0_COM0_000000000000000000_CS00050",3,3
,,,,,,,,0,"000000000000","TEN0_COM0_0000000000_CS00050_IS00569","TEN0_COM0_000000000000000000_CS00050",4,4
,,,,,,,,0,"000000000000","TEN0_COM0_0000000000_CS00050_IS00570","TEN0_COM0_000000000000000000_CS00050",5,5
,,,,,,,,0,"000000000000","TEN0_COM0_0000000000_CS00050_IS00571","TEN0_COM0_000000000000000000_CS00050",6,6
,,,,,,,,0,"000000000000","TEN0_COM0_0000000000_CS00050_IS00572","TEN0_COM0_000000000000000000_CS00050",7,7
,,,,,,,,0,"000000000000","TEN0_COM0_0000000000_CS00051_IS00573","TEN0_COM0_000000000000000000_CS00051",1,1
,,,,,,,,0,"000000000000","TEN0_COM0_0000000000_CS00051_IS00574","TEN0_COM0_000000000000000000_CS00051",2,2
,,,,,,,,0,"000000000000","TEN0_COM0_0000000000_CS00051_IS00575","TEN0_COM0_000000000000000000_CS00051",3,3
,,,,,,,,0,"000000000000","TEN0_COM0_0000000000_CS00051_IS00576","TEN0_COM0_000000000000000000_CS00051",4,4
,,,,,,,,0,"000000000000","TEN0_COM0_0000000000_CS00051_IS00577","TEN0_COM0_000000000000000000_CS00051",5,5
,,,,,,,,0,"000000000000","TEN0_COM0_0000000000_CS00051_IS00578","TEN0_COM0_000000000000000000_CS00051",6,6
,,,,,,,,0,"000000000000","TEN0_COM0_0000000000_CS00051_IS00579","TEN0_COM0_000000000000000000_CS00051",7,7
,,,,,,,,0,"000000000000","TEN0_COM0_0000000000_CS00052_IS00580","TEN0_COM0_000000000000000000_CS00052",1,1
,,,,,,,,0,"000000000000","TEN0_COM0_0000000000_CS00052_IS00581","TEN0_COM0_000000000000000000_CS00052",2,2
,,,,,,,,0,"000000000000","TEN0_COM0_0000000000_CS00052_IS00582","TEN0_COM0_000000000000000000_CS00052",3,3
,,,,,,,,0,"000000000000","TEN0_COM0_0000000000_CS00052_IS00583","TEN0_COM0_000000000000000000_CS00052",4,4
,,,,,,,,0,"000000000000","TEN0_COM0_0000000000_CS00052_IS00584","TEN0_COM0_000000000000000000_CS00052",5,5
,,,,,,,,0,"000000000000","TEN0_COM0_0000000000_CS00052_IS00585","TEN0_COM0_000000000000000000_CS00052",6,6
,,,,,,,,0,"000000000000","TEN0_COM0_0000000000_CS00052_IS00586","TEN0_COM0_000000000000000000_CS00052",7,7
,,,,,,,,0,"000000000000","TEN0_COM0_0000000000_CS00053_IS00587","TEN0_COM0_000000000000000000_CS00053",1,1
,,,,,,,,0,"000000000000","TEN0_COM0_0000000000_CS00053_IS00588","TEN0_COM0_000000000000000000_CS00053",2,2
,,,,,,,,0,"000000000000","TEN0_COM0_0000000000_CS00053_IS00589","TEN0_COM0_000000000000000000_CS00053",3,3
,,,,,,,,0,"000000000000","TEN0_COM0_0000000000_CS00053_IS00590","TEN0_COM0_000000000000000000_CS00053",4,4
,,,,,,,,0,"000000000000","TEN0_COM0_0000000000_CS00053_IS00591","TEN0_COM0_000000000000000000_CS00053",5,5
,,,,,,,,0,"000000000000","TEN0_COM0_0000000000_CS00053_IS00592","TEN0_COM0_000000000000000000_CS00053",6,6
,,,,,,,,0,"000000000000","TEN0_COM0_0000000000_CS00053_IS00593","TEN0_COM0_000000000000000000_CS00053",7,7
,,,,,,,,0,"000000000000","TEN0_COM0_0000000000_CS00054_IS00594","TEN0_COM0_000000000000000000_CS00054",1,1
,,,,,,,,0,"000000000000","TEN0_COM0_0000000000_CS00054_IS00595","TEN0_COM0_000000000000000000_CS00054",2,2
,,,,,,,,0,"000000000000","TEN0_COM0_0000000000_CS00054_IS00596","TEN0_COM0_000000000000000000_CS00054",3,3
,,,,,,,,0,"000000000000","TEN0_COM0_0000000000_CS00054_IS00597","TEN0_COM0_000000000000000000_CS00054",4,4
,,,,,,,,0,"000000000000","TEN0_COM0_0000000000_CS00054_IS00598","TEN0_COM0_000000000000000000_CS00054",5,5
,,,,,,,,0,"000000000000","TEN0_COM0_0000000000_CS00054_IS00599","TEN0_COM0_000000000000000000_CS00054",6,6
,,,,,,,,0,"000000000000","TEN0_COM0_0000000000_CS00054_IS00600","TEN0_COM0_000000000000000000_CS00054",7,7
,,,,,,,,0,"000000000000","TEN0_COM0_0000000000_CS00055_IS00601","TEN0_COM0_000000000000000000_CS00055",1,1
,,,,,,,,0,"000000000000","TEN0_COM0_0000000000_CS00055_IS00602","TEN0_COM0_000000000000000000_CS00055",2,2
,,,,,,,,0,"000000000000","TEN0_COM0_0000000000_CS00055_IS00603","TEN0_COM0_000000000000000000_CS00055",3,3
,,,,,,,,0,"000000000000","TEN0_COM0_0000000000_CS00055_IS00604","TEN0_COM0_000000000000000000_CS00055",4,4
,,,,,,,,0,"000000000000","TEN0_COM0_0000000000_CS00055_IS00605","TEN0_COM0_000000000000000000_CS00055",5,5
,,,,,,,,0,"000000000000","TEN0_COM0_0000000000_CS00055_IS00606","TEN0_COM0_000000000000000000_CS00055",6,6
,,,,,,,,0,"000000000000","TEN0_COM0_0000000000_CS00055_IS00607","TEN0_COM0_000000000000000000_CS00055",7,7
,,,,,,,,0,"000000000000","TEN0_COM0_0000000000_CS00056_IS00608","TEN0_COM0_000000000000000000_CS00056",1,1
,,,,,,,,0,"000000000000","TEN0_COM0_0000000000_CS00056_IS00609","TEN0_COM0_000000000000000000_CS00056",2,2
,,,,,,,,0,"000000000000","TEN0_COM0_0000000000_CS00056_IS00610","TEN0_COM0_000000000000000000_CS00056",3,3
,,,,,,,,0,"000000000000","TEN0_COM0_0000000000_CS00056_IS00611","TEN0_COM0_000000000000000000_CS00056",4,4
,,,,,,,,0,"000000000000","TEN0_COM0_0000000000_CS00056_IS00612","TEN0_COM0_000000000000000000_CS00056",5,5
,,,,,,,,0,"000000000000","TEN0_COM0_0000000000_CS00056_IS00613","TEN0_COM0_000000000000000000_CS00056",6,6
,,,,,,,,0,"000000000000","TEN0_COM0_0000000000_CS00056_IS00614","TEN0_COM0_000000000000000000_CS00056",7,7
,,,,,,,,0,"000000000000","TEN0_COM0_0000000000_CS00057_IS00615","TEN0_COM0_000000000000000000_CS00057",1,1
,,,,,,,,0,"000000000000","TEN0_COM0_0000000000_CS00057_IS00616","TEN0_COM0_000000000000000000_CS00057",2,2
,,,,,,,,0,"000000000000","TEN0_COM0_0000000000_CS00057_IS00617","TEN0_COM0_000000000000000000_CS00057",3,3
,,,,,,,,0,"000000000000","TEN0_COM0_0000000000_CS00057_IS00618","TEN0_COM0_000000000000000000_CS00057",4,4
,,,,,,,,0,"000000000000","TEN0_COM0_0000000000_CS00057_IS00619","TEN0_COM0_000000000000000000_CS00057",5,5
,,,,,,,,0,"000000000000","TEN0_COM0_0000000000_CS00057_IS00620","TEN0_COM0_000000000000000000_CS00057",6,6
,,,,,,,,0,"000000000000","TEN0_COM0_0000000000_CS00057_IS00621","TEN0_COM0_000000000000000000_CS00057",7,7
,,,,,,,,0,"000000000000","TEN0_COM0_0000000000_CS00058_IS00622","TEN0_COM0_000000000000000000_CS00058",1,1
,,,,,,,,0,"000000000000","TEN0_COM0_0000000000_CS00058_IS00623","TEN0_COM0_000000000000000000_CS00058",2,2
,,,,,,,,0,"000000000000","TEN0_COM0_0000000000_CS00058_IS00624","TEN0_COM0_000000000000000000_CS00058",3,3
,,,,,,,,0,"000000000000","TEN0_COM0_0000000000_CS00058_IS00625","TEN0_COM0_000000000000000000_CS00058",4,4
,,,,,,,,0,"000000000000","TEN0_COM0_0000000000_CS00058_IS00626","TEN0_COM0_000000000000000000_CS00058",5,5
,,,,,,,,0,"000000000000","TEN0_COM0_0000000000_CS00058_IS00627","TEN0_COM0_000000000000000000_CS00058",6,6
,,,,,,,,0,"000000000000","TEN0_COM0_0000000000_CS00058_IS00628","TEN0_COM0_000000000000000000_CS00058",7,7
,,,,,,,,0,"000000000000","TEN0_COM0_0000000000_CS00059_IS00629","TEN0_COM0_000000000000000000_CS00059",1,1
,,,,,,,,0,"000000000000","TEN0_COM0_0000000000_CS00059_IS00630","TEN0_COM0_000000000000000000_CS00059",2,2
,,,,,,,,0,"000000000000","TEN0_COM0_0000000000_CS00059_IS00631","TEN0_COM0_000000000000000000_CS00059",3,3
,,,,,,,,0,"000000000000","TEN0_COM0_0000000000_CS00059_IS00632","TEN0_COM0_000000000000000000_CS00059",4,4
,,,,,,,,0,"000000000000","TEN0_COM0_0000000000_CS00059_IS00633","TEN0_COM0_000000000000000000_CS00059",5,5
,,,,,,,,0,"000000000000","TEN0_COM0_0000000000_CS00059_IS00634","TEN0_COM0_000000000000000000_CS00059",6,6
,,,,,,,,0,"000000000000","TEN0_COM0_0000000000_CS00059_IS00635","TEN0_COM0_000000000000000000_CS00059",7,7
,,,,,,,,0,"000000000000","TEN0_COM0_0000000000_CS00059_IS00636","TEN0_COM0_000000000000000000_CS00059",8,8
,,,,,,,,0,"000000000000","TEN0_COM0_0000000000_CS00059_IS00637","TEN0_COM0_000000000000000000_CS00059",9,9
,,,,,,,,0,"000000000000","TEN0_COM0_0000000000_CS00059_IS00638","TEN0_COM0_000000000000000000_CS00059",10,10
,,,,,,,,0,"000000000000","TEN0_COM0_0000000000_CS00059_IS00639","TEN0_COM0_000000000000000000_CS00059",11,11
,,,,,,,,0,"000000000000","TEN0_COM0_0000000000_CS00059_IS00640","TEN0_COM0_000000000000000000_CS00059",12,12
,,,,,,,,0,"000000000000","TEN0_COM0_0000000000_CS00059_IS00641","TEN0_COM0_000000000000000000_CS00059",13,13
,,,,,,,,0,"000000000000","TEN0_COM0_0000000000_CS00059_IS00642","TEN0_COM0_000000000000000000_CS00059",14,14
,,,,,,,,0,"000000000000","TEN0_COM0_0000000000_CS00059_IS00643","TEN0_COM0_000000000000000000_CS00059",15,15
,,,,,,,,0,"000000000000","TEN0_COM0_0000000000_CS00060_IS00644","TEN0_COM0_000000000000000000_CS00060",1,1
,,,,,,,,0,"000000000000","TEN0_COM0_0000000000_CS00060_IS00645","TEN0_COM0_000000000000000000_CS00060",2,2
,,,,,,,,0,"000000000000","TEN0_COM0_0000000000_CS00060_IS00646","TEN0_COM0_000000000000000000_CS00060",3,3
,,,,,,,,0,"000000000000","TEN0_COM0_0000000000_CS00060_IS00647","TEN0_COM0_000000000000000000_CS00060",4,4
,,,,,,,,0,"000000000000","TEN0_COM0_0000000000_CS00060_IS00648","TEN0_COM0_000000000000000000_CS00060",5,5
,,,,,,,,0,"000000000000","TEN0_COM0_0000000000_CS00060_IS00649","TEN0_COM0_000000000000000000_CS00060",6,6
,,,,,,,,0,"000000000000","TEN0_COM0_0000000000_CS00060_IS00650","TEN0_COM0_000000000000000000_CS00060",7,7
,,,,,,,,0,"000000000000","TEN0_COM0_0000000000_CS00060_IS00651","TEN0_COM0_000000000000000000_CS00060",8,8
,,,,,,,,0,"000000000000","TEN0_COM0_0000000000_CS00060_IS00652","TEN0_COM0_000000000000000000_CS00060",9,9
,,,,,,,,0,"000000000000","TEN0_COM0_0000000000_CS00060_IS00653","TEN0_COM0_000000000000000000_CS00060",10,10
,,,,,,,,0,"000000000000","TEN0_COM0_0000000000_CS00060_IS00654","TEN0_COM0_000000000000000000_CS00060",11,11
,,,,,,,,0,"000000000000","TEN0_COM0_0000000000_CS00060_IS00655","TEN0_COM0_000000000000000000_CS00060",12,12
,,,,,,,,0,"000000000000","TEN0_COM0_0000000000_CS00060_IS00656","TEN0_COM0_000000000000000000_CS00060",13,13
,,,,,,,,0,"000000000000","TEN0_COM0_0000000000_CS00060_IS00657","TEN0_COM0_000000000000000000_CS00060",14,14
,,,,,,,,0,"000000000000","TEN0_COM0_0000000000_CS00060_IS00658","TEN0_COM0_000000000000000000_CS00060",15,15
,,,,,,,,0,"000000000000","TEN0_COM0_0000000000_CS00061_IS00659","TEN0_COM0_000000000000000000_CS00061",1,1
,,,,,,,,0,"000000000000","TEN0_COM0_0000000000_CS00061_IS00660","TEN0_COM0_000000000000000000_CS00061",2,2
,,,,,,,,0,"000000000000","TEN0_COM0_0000000000_CS00061_IS00661","TEN0_COM0_000000000000000000_CS00061",3,3
,,,,,,,,0,"000000000000","TEN0_COM0_0000000000_CS00061_IS00662","TEN0_COM0_000000000000000000_CS00061",4,4
,,,,,,,,0,"000000000000","TEN0_COM0_0000000000_CS00061_IS00663","TEN0_COM0_000000000000000000_CS00061",5,5
,,,,,,,,0,"000000000000","TEN0_COM0_0000000000_CS00061_IS00664","TEN0_COM0_000000000000000000_CS00061",6,6
,,,,,,,,0,"000000000000","TEN0_COM0_0000000000_CS00061_IS00665","TEN0_COM0_000000000000000000_CS00061",7,7
,,,,,,,,0,"000000000000","TEN0_COM0_0000000000_CS00061_IS00666","TEN0_COM0_000000000000000000_CS00061",8,8
,,,,,,,,0,"000000000000","TEN0_COM0_0000000000_CS00061_IS00667","TEN0_COM0_000000000000000000_CS00061",9,9
,,,,,,,,0,"000000000000","TEN0_COM0_0000000000_CS00061_IS00668","TEN0_COM0_000000000000000000_CS00061",10,10
,,,,,,,,0,"000000000000","TEN0_COM0_0000000000_CS00061_IS00669","TEN0_COM0_000000000000000000_CS00061",11,11
,,,,,,,,0,"000000000000","TEN0_COM0_0000000000_CS00061_IS00670","TEN0_COM0_000000000000000000_CS00061",12,12
,,,,,,,,0,"000000000000","TEN0_COM0_0000000000_CS00061_IS00671","TEN0_COM0_000000000000000000_CS00061",13,13
,,,,,,,,0,"000000000000","TEN0_COM0_0000000000_CS00061_IS00672","TEN0_COM0_000000000000000000_CS00061",14,14
,,,,,,,,0,"000000000000","TEN0_COM0_0000000000_CS00061_IS00673","TEN0_COM0_000000000000000000_CS00061",15,15
,,,,,,,,0,"000000000000","TEN0_COM0_0000000000_CS00062_IS00674","TEN0_COM0_000000000000000000_CS00062",1,1
,,,,,,,,0,"000000000000","TEN0_COM0_0000000000_CS00062_IS00675","TEN0_COM0_000000000000000000_CS00062",2,2
,,,,,,,,0,"000000000000","TEN0_COM0_0000000000_CS00062_IS00676","TEN0_COM0_000000000000000000_CS00062",3,3
,,,,,,,,0,"000000000000","TEN0_COM0_0000000000_CS00062_IS00677","TEN0_COM0_000000000000000000_CS00062",4,4
,,,,,,,,0,"000000000000","TEN0_COM0_0000000000_CS00062_IS00678","TEN0_COM0_000000000000000000_CS00062",5,5
,,,,,,,,0,"000000000000","TEN0_COM0_0000000000_CS00062_IS00679","TEN0_COM0_000000000000000000_CS00062",6,6
,,,,,,,,0,"000000000000","TEN0_COM0_0000000000_CS00062_IS00680","TEN0_COM0_000000000000000000_CS00062",7,7
,,,,,,,,0,"000000000000","TEN0_COM0_0000000000_CS00062_IS00681","TEN0_COM0_000000000000000000_CS00062",8,8
,,,,,,,,0,"000000000000","TEN0_COM0_0000000000_CS00062_IS00682","TEN0_COM0_000000000000000000_CS00062",9,9
,,,,,,,,0,"000000000000","TEN0_COM0_0000000000_CS00062_IS00683","TEN0_COM0_000000000000000000_CS00062",10,10
,,,,,,,,0,"000000000000","TEN0_COM0_0000000000_CS00062_IS00684","TEN0_COM0_000000000000000000_CS00062",11,11
,,,,,,,,0,"000000000000","TEN0_COM0_0000000000_CS00062_IS00685","TEN0_COM0_000000000000000000_CS00062",12,12
,,,,,,,,0,"000000000000","TEN0_COM0_0000000000_CS00062_IS00686","TEN0_COM0_000000000000000000_CS00062",13,13
,,,,,,,,0,"000000000000","TEN0_COM0_0000000000_CS00062_IS00687","TEN0_COM0_000000000000000000_CS00062",14,14
,,,,,,,,0,"000000000000","TEN0_COM0_0000000000_CS00062_IS00688","TEN0_COM0_000000000000000000_CS00062",15,15
,,,,,,,,0,"000000000000","TEN0_COM0_0000000000_CS00063_IS00689","TEN0_COM0_000000000000000000_CS00063",1,1
,,,,,,,,0,"000000000000","TEN0_COM0_0000000000_CS00063_IS00690","TEN0_COM0_000000000000000000_CS00063",2,2
,,,,,,,,0,"000000000000","TEN0_COM0_0000000000_CS00063_IS00691","TEN0_COM0_000000000000000000_CS00063",3,3
,,,,,,,,0,"000000000000","TEN0_COM0_0000000000_CS00063_IS00692","TEN0_COM0_000000000000000000_CS00063",4,4
,,,,,,,,0,"000000000000","TEN0_COM0_0000000000_CS00063_IS00693","TEN0_COM0_000000000000000000_CS00063",5,5
,,,,,,,,0,"000000000000","TEN0_COM0_0000000000_CS00063_IS00694","TEN0_COM0_000000000000000000_CS00063",6,6
,,,,,,,,0,"000000000000","TEN0_COM0_0000000000_CS00063_IS00695","TEN0_COM0_000000000000000000_CS00063",7,7
,,,,,,,,0,"000000000000","TEN0_COM0_0000000000_CS00063_IS00696","TEN0_COM0_000000000000000000_CS00063",8,8
,,,,,,,,0,"000000000000","TEN0_COM0_0000000000_CS00063_IS00697","TEN0_COM0_000000000000000000_CS00063",9,9
,,,,,,,,0,"000000000000","TEN0_COM0_0000000000_CS00063_IS00698","TEN0_COM0_000000000000000000_CS00063",10,10
,,,,,,,,0,"000000000000","TEN0_COM0_0000000000_CS00063_IS00699","TEN0_COM0_000000000000000000_CS00063",11,11
,,,,,,,,0,"000000000000","TEN0_COM0_0000000000_CS00063_IS00700","TEN0_COM0_000000000000000000_CS00063",12,12
,,,,,,,,0,"000000000000","TEN0_COM0_0000000000_CS00063_IS00701","TEN0_COM0_000000000000000000_CS00063",13,13
,,,,,,,,0,"000000000000","TEN0_COM0_0000000000_CS00063_IS00702","TEN0_COM0_000000000000000000_CS00063",14,14
,,,,,,,,0,"000000000000","TEN0_COM0_0000000000_CS00063_IS00703","TEN0_COM0_000000000000000000_CS00063",15,15
,,,,,,,,0,"000000000000","TEN0_COM0_0000000000_CS00064_IS00704","TEN0_COM0_000000000000000000_CS00064",1,1
,,,,,,,,0,"000000000000","TEN0_COM0_0000000000_CS00064_IS00705","TEN0_COM0_000000000000000000_CS00064",2,2
,,,,,,,,0,"000000000000","TEN0_COM0_0000000000_CS00064_IS00706","TEN0_COM0_000000000000000000_CS00064",3,3
,,,,,,,,0,"000000000000","TEN0_COM0_0000000000_CS00064_IS00707","TEN0_COM0_000000000000000000_CS00064",4,4
,,,,,,,,0,"000000000000","TEN0_COM0_0000000000_CS00064_IS00708","TEN0_COM0_000000000000000000_CS00064",5,5
,,,,,,,,0,"000000000000","TEN0_COM0_0000000000_CS00064_IS00709","TEN0_COM0_000000000000000000_CS00064",6,6
,,,,,,,,0,"000000000000","TEN0_COM0_0000000000_CS00064_IS00710","TEN0_COM0_000000000000000000_CS00064",7,7
,,,,,,,,0,"000000000000","TEN0_COM0_0000000000_CS00064_IS00711","TEN0_COM0_000000000000000000_CS00064",8,8
,,,,,,,,0,"000000000000","TEN0_COM0_0000000000_CS00064_IS00712","TEN0_COM0_000000000000000000_CS00064",9,9
,,,,,,,,0,"000000000000","TEN0_COM0_0000000000_CS00064_IS00713","TEN0_COM0_000000000000000000_CS00064",10,10
,,,,,,,,0,"000000000000","TEN0_COM0_0000000000_CS00064_IS00714","TEN0_COM0_000000000000000000_CS00064",11,11
,,,,,,,,0,"000000000000","TEN0_COM0_0000000000_CS00064_IS00715","TEN0_COM0_000000000000000000_CS00064",12,12
,,,,,,,,0,"000000000000","TEN0_COM0_0000000000_CS00064_IS00716","TEN0_COM0_000000000000000000_CS00064",13,13
,,,,,,,,0,"000000000000","TEN0_COM0_0000000000_CS00064_IS00717","TEN0_COM0_000000000000000000_CS00064",14,14
,,,,,,,,0,"000000000000","TEN0_COM0_0000000000_CS00064_IS00718","TEN0_COM0_000000000000000000_CS00064",15,15
,,,,,,,,0,"000000000000","TEN0_COM0_0000000000_CS00065_IS00719","TEN0_COM0_000000000000000000_CS00065",1,1
,,,,,,,,0,"000000000000","TEN0_COM0_0000000000_CS00065_IS00720","TEN0_COM0_000000000000000000_CS00065",2,2
,,,,,,,,0,"000000000000","TEN0_COM0_0000000000_CS00065_IS00721","TEN0_COM0_000000000000000000_CS00065",3,3
,,,,,,,,0,"000000000000","TEN0_COM0_0000000000_CS00065_IS00722","TEN0_COM0_000000000000000000_CS00065",4,4
,,,,,,,,0,"000000000000","TEN0_COM0_0000000000_CS00065_IS00723","TEN0_COM0_000000000000000000_CS00065",5,5
,,,,,,,,0,"000000000000","TEN0_COM0_0000000000_CS00065_IS00724","TEN0_COM0_000000000000000000_CS00065",6,6
,,,,,,,,0,"000000000000","TEN0_COM0_0000000000_CS00065_IS00725","TEN0_COM0_000000000000000000_CS00065",7,7
,,,,,,,,0,"000000000000","TEN0_COM0_0000000000_CS00065_IS00726","TEN0_COM0_000000000000000000_CS00065",8,8
,,,,,,,,0,"000000000000","TEN0_COM0_0000000000_CS00065_IS00727","TEN0_COM0_000000000000000000_CS00065",9,9
,,,,,,,,0,"000000000000","TEN0_COM0_0000000000_CS00065_IS00728","TEN0_COM0_000000000000000000_CS00065",10,10
,,,,,,,,0,"000000000000","TEN0_COM0_0000000000_CS00065_IS00729","TEN0_COM0_000000000000000000_CS00065",11,11
,,,,,,,,0,"000000000000","TEN0_COM0_0000000000_CS00065_IS00730","TEN0_COM0_000000000000000000_CS00065",12,12
,,,,,,,,0,"000000000000","TEN0_COM0_0000000000_CS00065_IS00731","TEN0_COM0_000000000000000000_CS00065",13,13
,,,,,,,,0,"000000000000","TEN0_COM0_0000000000_CS00065_IS00732","TEN0_COM0_000000000000000000_CS00065",14,14
,,,,,,,,0,"000000000000","TEN0_COM0_0000000000_CS00065_IS00733","TEN0_COM0_000000000000000000_CS00065",15,15
,,,,,,,,0,"000000000000","TEN0_COM0_0000000000_CS00066_IS00734","TEN0_COM0_000000000000000000_CS00066",1,1
,,,,,,,,0,"000000000000","TEN0_COM0_0000000000_CS00066_IS00735","TEN0_COM0_000000000000000000_CS00066",2,2
,,,,,,,,0,"000000000000","TEN0_COM0_0000000000_CS00066_IS00736","TEN0_COM0_000000000000000000_CS00066",3,3
,,,,,,,,0,"000000000000","TEN0_COM0_0000000000_CS00066_IS00737","TEN0_COM0_000000000000000000_CS00066",4,4
,,,,,,,,0,"000000000000","TEN0_COM0_0000000000_CS00066_IS00738","TEN0_COM0_000000000000000000_CS00066",5,5
,,,,,,,,0,"000000000000","TEN0_COM0_0000000000_CS00066_IS00739","TEN0_COM0_000000000000000000_CS00066",6,6
,,,,,,,,0,"000000000000","TEN0_COM0_0000000000_CS00066_IS00740","TEN0_COM0_000000000000000000_CS00066",7,7
,,,,,,,,0,"000000000000","TEN0_COM0_0000000000_CS00066_IS00741","TEN0_COM0_000000000000000000_CS00066",8,8
,,,,,,,,0,"000000000000","TEN0_COM0_0000000000_CS00066_IS00742","TEN0_COM0_000000000000000000_CS00066",9,9
,,,,,,,,0,"000000000000","TEN0_COM0_0000000000_CS00066_IS00743","TEN0_COM0_000000000000000000_CS00066",10,10
,,,,,,,,0,"000000000000","TEN0_COM0_0000000000_CS00066_IS00744","TEN0_COM0_000000000000000000_CS00066",11,11
,,,,,,,,0,"000000000000","TEN0_COM0_0000000000_CS00066_IS00745","TEN0_COM0_000000000000000000_CS00066",12,12
,,,,,,,,0,"000000000000","TEN0_COM0_0000000000_CS00066_IS00746","TEN0_COM0_000000000000000000_CS00066",13,13
,,,,,,,,0,"000000000000","TEN0_COM0_0000000000_CS00066_IS00747","TEN0_COM0_000000000000000000_CS00066",14,14
,,,,,,,,0,"000000000000","TEN0_COM0_0000000000_CS00066_IS00748","TEN0_COM0_000000000000000000_CS00066",15,15
,,,,,,,,0,"000000000000","TEN0_COM0_0000000000_CS00067_IS00749","TEN0_COM0_000000000000000000_CS00067",1,1
,,,,,,,,0,"000000000000","TEN0_COM0_0000000000_CS00067_IS00750","TEN0_COM0_000000000000000000_CS00067",2,2
,,,,,,,,0,"000000000000","TEN0_COM0_0000000000_CS00067_IS00751","TEN0_COM0_000000000000000000_CS00067",3,3
,,,,,,,,0,"000000000000","TEN0_COM0_0000000000_CS00067_IS00752","TEN0_COM0_000000000000000000_CS00067",4,4
,,,,,,,,0,"000000000000","TEN0_COM0_0000000000_CS00067_IS00753","TEN0_COM0_000000000000000000_CS00067",5,5
,,,,,,,,0,"000000000000","TEN0_COM0_0000000000_CS00067_IS00754","TEN0_COM0_000000000000000000_CS00067",6,6
,,,,,,,,0,"000000000000","TEN0_COM0_0000000000_CS00067_IS00755","TEN0_COM0_000000000000000000_CS00067",7,7
,,,,,,,,0,"000000000000","TEN0_COM0_0000000000_CS00067_IS00756","TEN0_COM0_000000000000000000_CS00067",8,8
,,,,,,,,0,"000000000000","TEN0_COM0_0000000000_CS00067_IS00757","TEN0_COM0_000000000000000000_CS00067",9,9
,,,,,,,,0,"000000000000","TEN0_COM0_0000000000_CS00067_IS00758","TEN0_COM0_000000000000000000_CS00067",10,10
,,,,,,,,0,"000000000000","TEN0_COM0_0000000000_CS00067_IS00759","TEN0_COM0_000000000000000000_CS00067",11,11
,,,,,,,,0,"000000000000","TEN0_COM0_0000000000_CS00067_IS00760","TEN0_COM0_000000000000000000_CS00067",12,12
,,,,,,,,0,"000000000000","TEN0_COM0_0000000000_CS00067_IS00761","TEN0_COM0_000000000000000000_CS00067",13,13
,,,,,,,,0,"000000000000","TEN0_COM0_0000000000_CS00067_IS00762","TEN0_COM0_000000000000000000_CS00067",14,14
,,,,,,,,0,"000000000000","TEN0_COM0_0000000000_CS00067_IS00763","TEN0_COM0_000000000000000000_CS00067",15,15
,,,,,,,,0,"000000000000","TEN0_COM0_0000000000_CS00068_IS00764","TEN0_COM0_000000000000000000_CS00068",1,1
,,,,,,,,0,"000000000000","TEN0_COM0_0000000000_CS00068_IS00765","TEN0_COM0_000000000000000000_CS00068",2,2
,,,,,,,,0,"000000000000","TEN0_COM0_0000000000_CS00068_IS00766","TEN0_COM0_000000000000000000_CS00068",3,3
,,,,,,,,0,"000000000000","TEN0_COM0_0000000000_CS00068_IS00767","TEN0_COM0_000000000000000000_CS00068",4,4
,,,,,,,,0,"000000000000","TEN0_COM0_0000000000_CS00068_IS00768","TEN0_COM0_000000000000000000_CS00068",5,5
,,,,,,,,0,"000000000000","TEN0_COM0_0000000000_CS00068_IS00769","TEN0_COM0_000000000000000000_CS00068",6,6
,,,,,,,,0,"000000000000","TEN0_COM0_0000000000_CS00068_IS00770","TEN0_COM0_000000000000000000_CS00068",7,7
,,,,,,,,0,"000000000000","TEN0_COM0_0000000000_CS00068_IS00771","TEN0_COM0_000000000000000000_CS00068",8,8
,,,,,,,,0,"000000000000","TEN0_COM0_0000000000_CS00068_IS00772","TEN0_COM0_000000000000000000_CS00068",9,9
,,,,,,,,0,"000000000000","TEN0_COM0_0000000000_CS00068_IS00773","TEN0_COM0_000000000000000000_CS00068",10,10
,,,,,,,,0,"000000000000","TEN0_COM0_0000000000_CS00068_IS00774","TEN0_COM0_000000000000000000_CS00068",11,11
,,,,,,,,0,"000000000000","TEN0_COM0_0000000000_CS00068_IS00775","TEN0_COM0_000000000000000000_CS00068",12,12
,,,,,,,,0,"000000000000","TEN0_COM0_0000000000_CS00068_IS00776","TEN0_COM0_000000000000000000_CS00068",13,13
,,,,,,,,0,"000000000000","TEN0_COM0_0000000000_CS00068_IS00777","TEN0_COM0_000000000000000000_CS00068",14,14
,,,,,,,,0,"000000000000","TEN0_COM0_0000000000_CS00068_IS00778","TEN0_COM0_000000000000000000_CS00068",15,15
,,,,,,,,0,"000000000000","TEN0_COM0_0000000000_CS00069_IS00779","TEN0_COM0_000000000000000000_CS00069",1,1
,,,,,,,,0,"000000000000","TEN0_COM0_0000000000_CS00070_IS00780","TEN0_COM0_000000000000000000_CS00070",1,1
,,,,,,,,0,"000000000000","TEN0_COM0_0000000000_CS00070_IS00781","TEN0_COM0_000000000000000000_CS00070",2,2
,,,,,,,,0,"000000000000","TEN0_COM0_0000000000_CS00070_IS00782","TEN0_COM0_000000000000000000_CS00070",3,3
,,,,,,,,0,"000000000000","TEN0_COM0_0000000000_CS00070_IS00192","TEN0_COM0_000000000000000000_CS00070",4,4
,,,,,,,,0,"000000000000","TEN0_COM0_0000000000_CS00070_IS00193","TEN0_COM0_000000000000000000_CS00070",5,5
,,,,,,,,0,"000000000000","TEN0_COM0_0000000000_CS00070_IS00194","TEN0_COM0_000000000000000000_CS00070",6,6
,,,,,,,,0,"000000000000","TEN0_COM0_0000000000_CS00070_IS00195","TEN0_COM0_000000000000000000_CS00070",7,7
,,,,,,,,0,"000000000000","TEN0_COM0_0000000000_CS00070_IS00196","TEN0_COM0_000000000000000000_CS00070",8,8
,,,,,,,,0,"000000000000","TEN0_COM0_0000000000_CS00070_IS00197","TEN0_COM0_000000000000000000_CS00070",9,9
,,,,,,,,0,"000000000000","TEN0_COM0_0000000000_CS00070_IS00198","TEN0_COM0_000000000000000000_CS00070",10,10
,,,,,,,,0,"000000000000","TEN0_COM0_0000000000_CS00070_IS00199","TEN0_COM0_000000000000000000_CS00070",11,11
,,,,,,,,0,"000000000000","TEN0_COM0_0000000000_CS00070_IS00200","TEN0_COM0_000000000000000000_CS00070",12,12
,,,,,,,,0,"000000000000","TEN0_COM0_0000000000_CS00070_IS00201","TEN0_COM0_000000000000000000_CS00070",13,13
,,,,,,,,0,"000000000000","TEN0_COM0_0000000000_CS00070_IS00202","TEN0_COM0_000000000000000000_CS00070",14,14
,,,,,,,,0,"000000000000","TEN0_COM0_0000000000_CS00070_IS00203","TEN0_COM0_000000000000000000_CS00070",15,15
,,,,,,,,0,"000000000000","TEN0_COM0_0000000000_CS00070_IS00204","TEN0_COM0_000000000000000000_CS00070",16,16
,,,,,,,,0,"000000000000","TEN0_COM0_0000000000_CS00070_IS00205","TEN0_COM0_000000000000000000_CS00070",17,17
,,,,,,,,0,"000000000000","TEN0_COM0_0000000000_CS00070_IS00206","TEN0_COM0_000000000000000000_CS00070",18,18
,,,,,,,,0,"000000000000","TEN0_COM0_0000000000_CS00070_IS00207","TEN0_COM0_000000000000000000_CS00070",19,19
,,,,,,,,0,"000000000000","TEN0_COM0_0000000000_CS00070_IS00208","TEN0_COM0_000000000000000000_CS00070",20,20
,,,,,,,,0,"000000000000","TEN0_COM0_0000000000_CS00070_IS00209","TEN0_COM0_000000000000000000_CS00070",21,21
,,,,,,,,0,"000000000000","TEN0_COM0_0000000000_CS00070_IS00210","TEN0_COM0_000000000000000000_CS00070",22,22
,,,,,,,,0,"000000000000","TEN0_COM0_0000000000_CS00070_IS00211","TEN0_COM0_000000000000000000_CS00070",23,23
,,,,,,,,0,"000000000000","TEN0_COM0_0000000000_CS00070_IS00212","TEN0_COM0_000000000000000000_CS00070",24,24
,,,,,,,,0,"000000000000","TEN0_COM0_0000000000_CS00070_IS00213","TEN0_COM0_000000000000000000_CS00070",25,25
,,,,,,,,0,"000000000000","TEN0_COM0_0000000000_CS00070_IS00214","TEN0_COM0_000000000000000000_CS00070",26,26
,,,,,,,,0,"000000000000","TEN0_COM0_0000000000_CS00070_IS00215","TEN0_COM0_000000000000000000_CS00070",27,27
,,,,,,,,0,"000000000000","TEN0_COM0_0000000000_CS00070_IS00216","TEN0_COM0_000000000000000000_CS00070",28,28
,,,,,,,,0,"000000000000","TEN0_COM0_0000000000_CS00070_IS00217","TEN0_COM0_000000000000000000_CS00070",29,29
,,,,,,,,0,"000000000000","TEN0_COM0_0000000000_CS00070_IS00218","TEN0_COM0_000000000000000000_CS00070",30,30
,,,,,,,,0,"000000000000","TEN0_COM0_0000000000_CS00070_IS00219","TEN0_COM0_000000000000000000_CS00070",31,31
,,,,,,,,0,"000000000000","TEN0_COM0_0000000000_CS00070_IS00220","TEN0_COM0_000000000000000000_CS00070",32,32
,,,,,,,,0,"000000000000","TEN0_COM0_0000000000_CS00070_IS00221","TEN0_COM0_000000000000000000_CS00070",33,33
,,,,,,,,0,"000000000000","TEN0_COM0_0000000000_CS00070_IS00222","TEN0_COM0_000000000000000000_CS00070",34,34
,,,,,,,,0,"000000000000","TEN0_COM0_0000000000_CS00070_IS00223","TEN0_COM0_000000000000000000_CS00070",35,35
,,,,,,,,0,"000000000000","TEN0_COM0_0000000000_CS00070_IS00224","TEN0_COM0_000000000000000000_CS00070",36,36
,,,,,,,,0,"000000000000","TEN0_COM0_0000000000_CS00070_IS00225","TEN0_COM0_000000000000000000_CS00070",37,37
,,,,,,,,0,"000000000000","TEN0_COM0_0000000000_CS00070_IS00226","TEN0_COM0_000000000000000000_CS00070",38,38
,,,,,,,,0,"000000000000","TEN0_COM0_0000000000_CS00070_IS00227","TEN0_COM0_000000000000000000_CS00070",39,39
,,,,,,,,0,"000000000000","TEN0_COM0_0000000000_CS00070_IS00228","TEN0_COM0_000000000000000000_CS00070",40,40
,,,,,,,,0,"000000000000","TEN0_COM0_0000000000_CS00070_IS00229","TEN0_COM0_000000000000000000_CS00070",41,41
,,,,,,,,0,"000000000000","TEN0_COM0_0000000000_CS00070_IS00230","TEN0_COM0_000000000000000000_CS00070",42,42
,,,,,,,,0,"000000000000","TEN0_COM0_0000000000_CS00070_IS00231","TEN0_COM0_000000000000000000_CS00070",43,43
,,,,,,,,0,"000000000000","TEN0_COM0_0000000000_CS00070_IS00232","TEN0_COM0_000000000000000000_CS00070",44,44
,,,,,,,,0,"000000000000","TEN0_COM0_0000000000_CS00070_IS00233","TEN0_COM0_000000000000000000_CS00070",45,45
,,,,,,,,0,"000000000000","TEN0_COM0_0000000000_CS00070_IS00234","TEN0_COM0_000000000000000000_CS00070",46,46
,,,,,,,,0,"000000000000","TEN0_COM0_0000000000_CS00070_IS00235","TEN0_COM0_000000000000000000_CS00070",47,47
,,,,,,,,0,"000000000000","TEN0_COM0_0000000000_CS00070_IS00236","TEN0_COM0_000000000000000000_CS00070",48,48
,,,,,,,,0,"000000000000","TEN0_COM0_0000000000_CS00070_IS00237","TEN0_COM0_000000000000000000_CS00070",49,49
,,,,,,,,0,"000000000000","TEN0_COM0_0000000000_CS00070_IS00238","TEN0_COM0_000000000000000000_CS00070",50,50
,,,,,,,,0,"000000000000","TEN0_COM0_0000000000_CS00070_IS00239","TEN0_COM0_000000000000000000_CS00070",51,51
,,,,,,,,0,"000000000000","TEN0_COM0_0000000000_CS00070_IS00240","TEN0_COM0_000000000000000000_CS00070",52,52
,,,,,,,,0,"000000000000","TEN0_COM0_0000000000_CS00070_IS00241","TEN0_COM0_000000000000000000_CS00070",53,53
,,,,,,,,0,"000000000000","TEN0_COM0_0000000000_CS00070_IS00242","TEN0_COM0_000000000000000000_CS00070",54,54
,,,,,,,,0,"000000000000","TEN0_COM0_0000000000_CS00070_IS00243","TEN0_COM0_000000000000000000_CS00070",55,55
,,,,,,,,0,"000000000000","TEN0_COM0_0000000000_CS00070_IS00244","TEN0_COM0_000000000000000000_CS00070",56,56
,,,,,,,,0,"000000000000","TEN0_COM0_0000000000_CS00070_IS00245","TEN0_COM0_000000000000000000_CS00070",57,57
,,,,,,,,0,"000000000000","TEN0_COM0_0000000000_CS00070_IS00183","TEN0_COM0_000000000000000000_CS00070",58,58
,,,,,,,,0,"000000000000","TEN0_COM0_0000000000_CS00070_IS00184","TEN0_COM0_000000000000000000_CS00070",59,59
,,,,,,,,0,"000000000000","TEN0_COM0_0000000000_CS00070_IS00185","TEN0_COM0_000000000000000000_CS00070",60,60
,,,,,,,,0,"000000000000","TEN0_COM0_0000000000_CS00070_IS00186","TEN0_COM0_000000000000000000_CS00070",61,61
,,,,,,,,0,"000000000000","TEN0_COM0_0000000000_CS00070_IS00187","TEN0_COM0_000000000000000000_CS00070",62,62
,,,,,,,,0,"000000000000","TEN0_COM0_0000000000_CS00070_IS00188","TEN0_COM0_000000000000000000_CS00070",63,63
,,,,,,,,0,"000000000000","TEN0_COM0_0000000000_CS00070_IS00189","TEN0_COM0_000000000000000000_CS00070",64,64
,,,,,,,,0,"000000000000","TEN0_COM0_0000000000_CS00070_IS00190","TEN0_COM0_000000000000000000_CS00070",65,65
,,,,,,,,0,"000000000000","TEN0_COM0_0000000000_CS00070_IS00191","TEN0_COM0_000000000000000000_CS00070",66,66
