INS_DATE,INS_CCD,INS_SCD,INS_PG,UPD_DATE,UPD_CCD,UPD_SCD,UPD_PG,EXCLUS_VER,CONTRACT_CD,PER_INFO_ITEM_DEFINITION_ID,PER_INFO_CTG_ID,ITEM_CD,ITEM_NAME,ABOLITION_ATR,REQUIRED_ATR,INIT_VALUE
,,,,,,,,0,"000000000000","TEN0_COM0_0000000000_CS00001_IS00001","TEN0_COM0_000000000000000000_CS00001","IS00001","社員CD",0,1,
,,,,,,,,0,"000000000000","TEN0_COM0_0000000000_CS00001_IS00002","TEN0_COM0_000000000000000000_CS00001","IS00002","外部CD",0,0,
,,,,,,,,0,"000000000000","TEN0_COM0_0000000000_CS00002_IS00003","TEN0_COM0_000000000000000000_CS00002","IS00003","個人名",0,1,
,,,,,,,,0,"000000000000","TEN0_COM0_0000000000_CS00002_IS00004","TEN0_COM0_000000000000000000_CS00002","IS00004","個人名カナ",0,1,
,,,,,,,,0,"000000000000","TEN0_COM0_0000000000_CS00002_IS00005","TEN0_COM0_000000000000000000_CS00002","IS00005","個人名ローマ字",0,0,
,,,,,,,,0,"000000000000","TEN0_COM0_0000000000_CS00002_IS00006","TEN0_COM0_000000000000000000_CS00002","IS00006","個人名ローマ字カナ",0,0,
,,,,,,,,0,"000000000000","TEN0_COM0_0000000000_CS00002_IS00007","TEN0_COM0_000000000000000000_CS00002","IS00007","個人名他言語",0,0,
,,,,,,,,0,"000000000000","TEN0_COM0_0000000000_CS00002_IS00008","TEN0_COM0_000000000000000000_CS00002","IS00008","個人名他言語カナ",0,0,
,,,,,,,,0,"000000000000","TEN0_COM0_0000000000_CS00002_IS00009","TEN0_COM0_000000000000000000_CS00002","IS00009","表示氏名(ビジネスネーム)",0,1,
,,,,,,,,0,"000000000000","TEN0_COM0_0000000000_CS00002_IS00010","TEN0_COM0_000000000000000000_CS00002","IS00010","表示氏名(ビジネスネーム)カナ",0,0,
,,,,,,,,0,"000000000000","TEN0_COM0_0000000000_CS00002_IS00011","TEN0_COM0_000000000000000000_CS00002","IS00011","表示氏名(ビジネスネーム)英語",0,0,
,,,,,,,,0,"000000000000","TEN0_COM0_0000000000_CS00002_IS00012","TEN0_COM0_000000000000000000_CS00002","IS00012","表示氏名(ビジネスネーム)その他",0,0,
,,,,,,,,0,"000000000000","TEN0_COM0_0000000000_CS00002_IS00013","TEN0_COM0_000000000000000000_CS00002","IS00013","個人旧姓",0,0,
,,,,,,,,0,"000000000000","TEN0_COM0_0000000000_CS00002_IS00014","TEN0_COM0_000000000000000000_CS00002","IS00014","個人旧姓カナ",0,0,
,,,,,,,,0,"000000000000","TEN0_COM0_0000000000_CS00002_IS00015","TEN0_COM0_000000000000000000_CS00002","IS00015","個人届出名",0,0,
,,,,,,,,0,"000000000000","TEN0_COM0_0000000000_CS00002_IS00016","TEN0_COM0_000000000000000000_CS00002","IS00016","個人届出名カナ",0,0,
,,,,,,,,0,"000000000000","TEN0_COM0_0000000000_CS00002_IS00017","TEN0_COM0_000000000000000000_CS00002","IS00017","生年月日",0,1,
,,,,,,,,0,"000000000000","TEN0_COM0_0000000000_CS00002_IS00018","TEN0_COM0_000000000000000000_CS00002","IS00018","性別",0,1,
,,,,,,,,0,"000000000000","TEN0_COM0_0000000000_CS00002_IS00019","TEN0_COM0_000000000000000000_CS00002","IS00019","血液型",0,0,
,,,,,,,,0,"000000000000","TEN0_COM0_0000000000_CS00003_IS00020","TEN0_COM0_000000000000000000_CS00003","IS00020","入社年月日",0,1,
,,,,,,,,0,"000000000000","TEN0_COM0_0000000000_CS00003_IS00021","TEN0_COM0_000000000000000000_CS00003","IS00021","退職年月日",0,0,
,,,,,,,,0,"000000000000","TEN0_COM0_0000000000_CS00003_IS00022","TEN0_COM0_000000000000000000_CS00003","IS00022","本採用年月日",0,0,
,,,,,,,,0,"000000000000","TEN0_COM0_0000000000_CS00003_IS00024","TEN0_COM0_000000000000000000_CS00003","IS00024","退職金計算開始日",0,0,
,,,,,,,,0,"000000000000","TEN0_COM0_0000000000_CS00004_IS00025","TEN0_COM0_000000000000000000_CS00004","IS00025","期間",0,1,
,,,,,,,,0,"000000000000","TEN0_COM0_0000000000_CS00004_IS00026","TEN0_COM0_000000000000000000_CS00004","IS00026","開始日",0,1,
,,,,,,,,0,"000000000000","TEN0_COM0_0000000000_CS00004_IS00027","TEN0_COM0_000000000000000000_CS00004","IS00027","終了日",0,0,
,,,,,,,,0,"000000000000","TEN0_COM0_0000000000_CS00004_IS00028","TEN0_COM0_000000000000000000_CS00004","IS00028","分類CD",0,1,
,,,,,,,,0,"000000000000","TEN0_COM0_0000000000_CS00014_IS00065","TEN0_COM0_000000000000000000_CS00014","IS00065","期間",0,1,
,,,,,,,,0,"000000000000","TEN0_COM0_0000000000_CS00014_IS00066","TEN0_COM0_000000000000000000_CS00014","IS00066","開始日",0,1,
,,,,,,,,0,"000000000000","TEN0_COM0_0000000000_CS00014_IS00067","TEN0_COM0_000000000000000000_CS00014","IS00067","終了日",0,0,
,,,,,,,,0,"000000000000","TEN0_COM0_0000000000_CS00014_IS00068","TEN0_COM0_000000000000000000_CS00014","IS00068","雇用CD",0,1,
,,,,,,,,0,"000000000000","TEN0_COM0_0000000000_CS00014_IS00069","TEN0_COM0_000000000000000000_CS00014","IS00069","給与区分",0,0,
,,,,,,,,0,"000000000000","TEN0_COM0_0000000000_CS00015_IS00070","TEN0_COM0_000000000000000000_CS00015","IS00070","期間",0,1,
,,,,,,,,0,"000000000000","TEN0_COM0_0000000000_CS00015_IS00071","TEN0_COM0_000000000000000000_CS00015","IS00071","発令日",0,1,
,,,,,,,,0,"000000000000","TEN0_COM0_0000000000_CS00015_IS00072","TEN0_COM0_000000000000000000_CS00015","IS00072","終了日",0,0,
,,,,,,,,0,"000000000000","TEN0_COM0_0000000000_CS00015_IS00073","TEN0_COM0_000000000000000000_CS00015","IS00073","部門CD",0,1,
,,,,,,,,0,"000000000000","TEN0_COM0_0000000000_CS00015_IS00075","TEN0_COM0_000000000000000000_CS00015","IS00075","分配率",0,0,
,,,,,,,,0,"000000000000","TEN0_COM0_0000000000_CS00016_IS00076","TEN0_COM0_000000000000000000_CS00016","IS00076","期間",0,1,
,,,,,,,,0,"000000000000","TEN0_COM0_0000000000_CS00016_IS00077","TEN0_COM0_000000000000000000_CS00016","IS00077","開始日",0,1,
,,,,,,,,0,"000000000000","TEN0_COM0_0000000000_CS00016_IS00078","TEN0_COM0_000000000000000000_CS00016","IS00078","終了日",0,0,
,,,,,,,,0,"000000000000","TEN0_COM0_0000000000_CS00016_IS00079","TEN0_COM0_000000000000000000_CS00016","IS00079","職位CD",0,1,
,,,,,,,,0,"000000000000","TEN0_COM0_0000000000_CS00016_IS00080","TEN0_COM0_000000000000000000_CS00016","IS00080","備考",0,0,
,,,,,,,,0,"000000000000","TEN0_COM0_0000000000_CS00017_IS00081","TEN0_COM0_000000000000000000_CS00017","IS00081","期間",0,1,
,,,,,,,,0,"000000000000","TEN0_COM0_0000000000_CS00017_IS00082","TEN0_COM0_000000000000000000_CS00017","IS00082","開始日",0,1,
,,,,,,,,0,"000000000000","TEN0_COM0_0000000000_CS00017_IS00083","TEN0_COM0_000000000000000000_CS00017","IS00083","終了日",0,0,
,,,,,,,,0,"000000000000","TEN0_COM0_0000000000_CS00017_IS00084","TEN0_COM0_000000000000000000_CS00017","IS00084","職場CD",0,1,
,,,,,,,,0,"000000000000","TEN0_COM0_0000000000_CS00017_IS00085","TEN0_COM0_000000000000000000_CS00017","IS00085","通常職場CD",0,0,
,,,,,,,,0,"000000000000","TEN0_COM0_0000000000_CS00018_IS00086","TEN0_COM0_000000000000000000_CS00018","IS00086","休職休業期間",0,1,
,,,,,,,,0,"000000000000","TEN0_COM0_0000000000_CS00018_IS00087","TEN0_COM0_000000000000000000_CS00018","IS00087","休職休業開始日",0,1,
,,,,,,,,0,"000000000000","TEN0_COM0_0000000000_CS00018_IS00088","TEN0_COM0_000000000000000000_CS00018","IS00088","休職休業終了日",0,0,
,,,,,,,,0,"000000000000","TEN0_COM0_0000000000_CS00018_IS00089","TEN0_COM0_000000000000000000_CS00018","IS00089","休職休業区分",0,1,
,,,,,,,,0,"000000000000","TEN0_COM0_0000000000_CS00018_IS00098","TEN0_COM0_000000000000000000_CS00018","IS00098","備考",0,0,
,,,,,,,,0,"000000000000","TEN0_COM0_0000000000_CS00019_IS00101","TEN0_COM0_000000000000000000_CS00019","IS00101","短時間勤務期間",0,1,
,,,,,,,,0,"000000000000","TEN0_COM0_0000000000_CS00019_IS00102","TEN0_COM0_000000000000000000_CS00019","IS00102","短時間開始日",0,1,
,,,,,,,,0,"000000000000","TEN0_COM0_0000000000_CS00019_IS00103","TEN0_COM0_000000000000000000_CS00019","IS00103","短時間終了日",0,0,
,,,,,,,,0,"000000000000","TEN0_COM0_0000000000_CS00019_IS00104","TEN0_COM0_000000000000000000_CS00019","IS00104","短時間勤務区分",0,1,
,,,,,,,,0,"000000000000","TEN0_COM0_0000000000_CS00019_IS00105","TEN0_COM0_000000000000000000_CS00019","IS00105","短時間1",0,1,
,,,,,,,,0,"000000000000","TEN0_COM0_0000000000_CS00019_IS00106","TEN0_COM0_000000000000000000_CS00019","IS00106","短時間開始1",0,1,
,,,,,,,,0,"000000000000","TEN0_COM0_0000000000_CS00019_IS00107","TEN0_COM0_000000000000000000_CS00019","IS00107","短時間終了1",0,1,
,,,,,,,,0,"000000000000","TEN0_COM0_0000000000_CS00019_IS00108","TEN0_COM0_000000000000000000_CS00019","IS00108","短時間2",0,0,
,,,,,,,,0,"000000000000","TEN0_COM0_0000000000_CS00019_IS00109","TEN0_COM0_000000000000000000_CS00019","IS00109","短時間開始2",0,0,
,,,,,,,,0,"000000000000","TEN0_COM0_0000000000_CS00019_IS00110","TEN0_COM0_000000000000000000_CS00019","IS00110","短時間終了2",0,0,
,,,,,,,,0,"000000000000","TEN0_COM0_0000000000_CS00020_IS00118","TEN0_COM0_000000000000000000_CS00020","IS00118","期間",0,1,
,,,,,,,,0,"000000000000","TEN0_COM0_0000000000_CS00020_IS00119","TEN0_COM0_000000000000000000_CS00020","IS00119","開始日",0,1,
,,,,,,,,0,"000000000000","TEN0_COM0_0000000000_CS00020_IS00120","TEN0_COM0_000000000000000000_CS00020","IS00120","終了日",0,0,
,,,,,,,,0,"000000000000","TEN0_COM0_0000000000_CS00020_IS00121","TEN0_COM0_000000000000000000_CS00020","IS00121","スケジュール管理",0,1,
,,,,,,,,0,"000000000000","TEN0_COM0_0000000000_CS00020_IS00122","TEN0_COM0_000000000000000000_CS00020","IS00122","スケジュール管理設定",0,1,
,,,,,,,,0,"000000000000","TEN0_COM0_0000000000_CS00020_IS00123","TEN0_COM0_000000000000000000_CS00020","IS00123","スケジュール作成方法",0,1,
,,,,,,,,0,"000000000000","TEN0_COM0_0000000000_CS00020_IS00124","TEN0_COM0_000000000000000000_CS00020","IS00124","カレンダーの参照先",0,1,
,,,,,,,,0,"000000000000","TEN0_COM0_0000000000_CS00020_IS00125","TEN0_COM0_000000000000000000_CS00020","IS00125","基本勤務の参照先",0,1,
,,,,,,,,0,"000000000000","TEN0_COM0_0000000000_CS00020_IS00126","TEN0_COM0_000000000000000000_CS00020","IS00126","就業時間帯の参照先",0,1,
,,,,,,,,0,"000000000000","TEN0_COM0_0000000000_CS00020_IS00127","TEN0_COM0_000000000000000000_CS00020","IS00127","月間パターン",0,1,
,,,,,,,,0,"000000000000","TEN0_COM0_0000000000_CS00020_IS00128","TEN0_COM0_000000000000000000_CS00020","IS00128","休日の勤務種類",0,1,
,,,,,,,,0,"000000000000","TEN0_COM0_0000000000_CS00020_IS00129","TEN0_COM0_000000000000000000_CS00020","IS00129","平日時勤務設定",0,1,
,,,,,,,,0,"000000000000","TEN0_COM0_0000000000_CS00020_IS00130","TEN0_COM0_000000000000000000_CS00020","IS00130","平日の勤務種類",0,1,
,,,,,,,,0,"000000000000","TEN0_COM0_0000000000_CS00020_IS00131","TEN0_COM0_000000000000000000_CS00020","IS00131","平日の就業時間帯",0,1,
,,,,,,,,0,"000000000000","TEN0_COM0_0000000000_CS00020_IS00132","TEN0_COM0_000000000000000000_CS00020","IS00132","平日の勤務時間1",0,1,
,,,,,,,,0,"000000000000","TEN0_COM0_0000000000_CS00020_IS00133","TEN0_COM0_000000000000000000_CS00020","IS00133","平日の開始時刻1",0,1,
,,,,,,,,0,"000000000000","TEN0_COM0_0000000000_CS00020_IS00134","TEN0_COM0_000000000000000000_CS00020","IS00134","平日の終了時刻1",0,1,
,,,,,,,,0,"000000000000","TEN0_COM0_0000000000_CS00020_IS00135","TEN0_COM0_000000000000000000_CS00020","IS00135","平日の勤務時間2",0,1,
,,,,,,,,0,"000000000000","TEN0_COM0_0000000000_CS00020_IS00136","TEN0_COM0_000000000000000000_CS00020","IS00136","平日の開始時刻2",0,0,
,,,,,,,,0,"000000000000","TEN0_COM0_0000000000_CS00020_IS00137","TEN0_COM0_000000000000000000_CS00020","IS00137","平日の終了時刻2",0,0,
,,,,,,,,0,"000000000000","TEN0_COM0_0000000000_CS00020_IS00138","TEN0_COM0_000000000000000000_CS00020","IS00138","休出時勤務設定",0,1,
,,,,,,,,0,"000000000000","TEN0_COM0_0000000000_CS00020_IS00139","TEN0_COM0_000000000000000000_CS00020","IS00139","休出の勤務種類",0,1,
,,,,,,,,0,"000000000000","TEN0_COM0_0000000000_CS00020_IS00140","TEN0_COM0_000000000000000000_CS00020","IS00140","休出の就業時間帯",0,1,
,,,,,,,,0,"000000000000","TEN0_COM0_0000000000_CS00020_IS00141","TEN0_COM0_000000000000000000_CS00020","IS00141","休出の勤務時間1",0,1,
,,,,,,,,0,"000000000000","TEN0_COM0_0000000000_CS00020_IS00142","TEN0_COM0_000000000000000000_CS00020","IS00142","休出の開始時刻1",0,1,
,,,,,,,,0,"000000000000","TEN0_COM0_0000000000_CS00020_IS00143","TEN0_COM0_000000000000000000_CS00020","IS00143","休出の終了時刻1",0,1,
,,,,,,,,0,"000000000000","TEN0_COM0_0000000000_CS00020_IS00144","TEN0_COM0_000000000000000000_CS00020","IS00144","休出の勤務時間2",0,1,
,,,,,,,,0,"000000000000","TEN0_COM0_0000000000_CS00020_IS00145","TEN0_COM0_000000000000000000_CS00020","IS00145","休出の開始時刻2",0,0,
,,,,,,,,0,"000000000000","TEN0_COM0_0000000000_CS00020_IS00146","TEN0_COM0_000000000000000000_CS00020","IS00146","休出の終了時刻2",0,0,
,,,,,,,,0,"000000000000","TEN0_COM0_0000000000_CS00020_IS00147","TEN0_COM0_000000000000000000_CS00020","IS00147","公休出勤時勤務設定",0,0,
,,,,,,,,0,"000000000000","TEN0_COM0_0000000000_CS00020_IS00148","TEN0_COM0_000000000000000000_CS00020","IS00148","公休休出の勤務種類",0,0,
,,,,,,,,0,"000000000000","TEN0_COM0_0000000000_CS00020_IS00149","TEN0_COM0_000000000000000000_CS00020","IS00149","公休休出の就業時間帯",0,0,
,,,,,,,,0,"000000000000","TEN0_COM0_0000000000_CS00020_IS00150","TEN0_COM0_000000000000000000_CS00020","IS00150","公休休出の勤務時間1",0,0,
,,,,,,,,0,"000000000000","TEN0_COM0_0000000000_CS00020_IS00151","TEN0_COM0_000000000000000000_CS00020","IS00151","公休休出の開始時刻1",0,0,
,,,,,,,,0,"000000000000","TEN0_COM0_0000000000_CS00020_IS00152","TEN0_COM0_000000000000000000_CS00020","IS00152","公休休出の終了時刻1",0,0,
,,,,,,,,0,"000000000000","TEN0_COM0_0000000000_CS00020_IS00153","TEN0_COM0_000000000000000000_CS00020","IS00153","公休休出の勤務時間2",0,0,
,,,,,,,,0,"000000000000","TEN0_COM0_0000000000_CS00020_IS00154","TEN0_COM0_000000000000000000_CS00020","IS00154","公休休出の開始時刻2",0,0,
,,,,,,,,0,"000000000000","TEN0_COM0_0000000000_CS00020_IS00155","TEN0_COM0_000000000000000000_CS00020","IS00155","公休休出の終了時刻2",0,0,
,,,,,,,,0,"000000000000","TEN0_COM0_0000000000_CS00020_IS00156","TEN0_COM0_000000000000000000_CS00020","IS00156","法定休出時勤務設定",0,0,
,,,,,,,,0,"000000000000","TEN0_COM0_0000000000_CS00020_IS00157","TEN0_COM0_000000000000000000_CS00020","IS00157","法定休出の勤務種類",0,0,
,,,,,,,,0,"000000000000","TEN0_COM0_0000000000_CS00020_IS00158","TEN0_COM0_000000000000000000_CS00020","IS00158","法定休出の就業時間帯",0,0,
,,,,,,,,0,"000000000000","TEN0_COM0_0000000000_CS00020_IS00159","TEN0_COM0_000000000000000000_CS00020","IS00159","法定休出の勤務時間1",0,0,
,,,,,,,,0,"000000000000","TEN0_COM0_0000000000_CS00020_IS00160","TEN0_COM0_000000000000000000_CS00020","IS00160","法定休出の開始時刻1",0,0,
,,,,,,,,0,"000000000000","TEN0_COM0_0000000000_CS00020_IS00161","TEN0_COM0_000000000000000000_CS00020","IS00161","法定休出の終了時刻1",0,0,
,,,,,,,,0,"000000000000","TEN0_COM0_0000000000_CS00020_IS00162","TEN0_COM0_000000000000000000_CS00020","IS00162","法定休出の勤務時間2",0,0,
,,,,,,,,0,"000000000000","TEN0_COM0_0000000000_CS00020_IS00163","TEN0_COM0_000000000000000000_CS00020","IS00163","法定休出の開始時刻2",0,0,
,,,,,,,,0,"000000000000","TEN0_COM0_0000000000_CS00020_IS00164","TEN0_COM0_000000000000000000_CS00020","IS00164","法定休出の終了時刻2",0,0,
,,,,,,,,0,"000000000000","TEN0_COM0_0000000000_CS00020_IS00165","TEN0_COM0_000000000000000000_CS00020","IS00165","法定外休出時勤務設定",0,0,
,,,,,,,,0,"000000000000","TEN0_COM0_0000000000_CS00020_IS00166","TEN0_COM0_000000000000000000_CS00020","IS00166","法定外休出の勤務種類",0,0,
,,,,,,,,0,"000000000000","TEN0_COM0_0000000000_CS00020_IS00167","TEN0_COM0_000000000000000000_CS00020","IS00167","法定外休出の就業時間帯",0,0,
,,,,,,,,0,"000000000000","TEN0_COM0_0000000000_CS00020_IS00168","TEN0_COM0_000000000000000000_CS00020","IS00168","法定外休出の勤務時間1",0,0,
,,,,,,,,0,"000000000000","TEN0_COM0_0000000000_CS00020_IS00169","TEN0_COM0_000000000000000000_CS00020","IS00169","法定外休出の開始時刻1",0,0,
,,,,,,,,0,"000000000000","TEN0_COM0_0000000000_CS00020_IS00170","TEN0_COM0_000000000000000000_CS00020","IS00170","法定外休出の終了時刻1",0,0,
,,,,,,,,0,"000000000000","TEN0_COM0_0000000000_CS00020_IS00171","TEN0_COM0_000000000000000000_CS00020","IS00171","法定外休出の勤務時間2",0,0,
,,,,,,,,0,"000000000000","TEN0_COM0_0000000000_CS00020_IS00172","TEN0_COM0_000000000000000000_CS00020","IS00172","法定外休出の開始時刻2",0,0,
,,,,,,,,0,"000000000000","TEN0_COM0_0000000000_CS00020_IS00173","TEN0_COM0_000000000000000000_CS00020","IS00173","法定外休出の終了時刻2",0,0,
,,,,,,,,0,"000000000000","TEN0_COM0_0000000000_CS00020_IS00174","TEN0_COM0_000000000000000000_CS00020","IS00174","祝日時勤務設定",0,0,
,,,,,,,,0,"000000000000","TEN0_COM0_0000000000_CS00020_IS00175","TEN0_COM0_000000000000000000_CS00020","IS00175","法定外祝日の勤務種類",0,0,
,,,,,,,,0,"000000000000","TEN0_COM0_0000000000_CS00020_IS00176","TEN0_COM0_000000000000000000_CS00020","IS00176","法定外祝日の就業時間帯",0,0,
,,,,,,,,0,"000000000000","TEN0_COM0_0000000000_CS00020_IS00177","TEN0_COM0_000000000000000000_CS00020","IS00177","法定外祝日の勤務時間1",0,0,
,,,,,,,,0,"000000000000","TEN0_COM0_0000000000_CS00020_IS00178","TEN0_COM0_000000000000000000_CS00020","IS00178","法定外祝日の開始時刻1",0,0,
,,,,,,,,0,"000000000000","TEN0_COM0_0000000000_CS00020_IS00179","TEN0_COM0_000000000000000000_CS00020","IS00179","法定外祝日の終了時刻1",0,0,
,,,,,,,,0,"000000000000","TEN0_COM0_0000000000_CS00020_IS00180","TEN0_COM0_000000000000000000_CS00020","IS00180","法定外祝日の勤務時間2",0,0,
,,,,,,,,0,"000000000000","TEN0_COM0_0000000000_CS00020_IS00181","TEN0_COM0_000000000000000000_CS00020","IS00181","法定外祝日の開始時刻2",0,0,
,,,,,,,,0,"000000000000","TEN0_COM0_0000000000_CS00020_IS00182","TEN0_COM0_000000000000000000_CS00020","IS00182","法定外祝日の終了時刻2",0,0,
,,,,,,,,0,"000000000000","TEN0_COM0_0000000000_CS00070_IS00183","TEN0_COM0_000000000000000000_CS00070","IS00183","日曜勤務設定",0,0,
,,,,,,,,0,"000000000000","TEN0_COM0_0000000000_CS00070_IS00184","TEN0_COM0_000000000000000000_CS00070","IS00184","日曜の勤務種類",0,0,
,,,,,,,,0,"000000000000","TEN0_COM0_0000000000_CS00070_IS00185","TEN0_COM0_000000000000000000_CS00070","IS00185","日曜の就業時間帯",0,0,
,,,,,,,,0,"000000000000","TEN0_COM0_0000000000_CS00070_IS00186","TEN0_COM0_000000000000000000_CS00070","IS00186","日曜の勤務時間1",0,0,
,,,,,,,,0,"000000000000","TEN0_COM0_0000000000_CS00070_IS00187","TEN0_COM0_000000000000000000_CS00070","IS00187","日曜の開始時刻1",0,0,
,,,,,,,,0,"000000000000","TEN0_COM0_0000000000_CS00070_IS00188","TEN0_COM0_000000000000000000_CS00070","IS00188","日曜の終了時刻1",0,0,
,,,,,,,,0,"000000000000","TEN0_COM0_0000000000_CS00070_IS00189","TEN0_COM0_000000000000000000_CS00070","IS00189","日曜の勤務時間2",0,0,
,,,,,,,,0,"000000000000","TEN0_COM0_0000000000_CS00070_IS00190","TEN0_COM0_000000000000000000_CS00070","IS00190","日曜の開始時刻2",0,0,
,,,,,,,,0,"000000000000","TEN0_COM0_0000000000_CS00070_IS00191","TEN0_COM0_000000000000000000_CS00070","IS00191","日曜の終了時刻2",0,0,
,,,,,,,,0,"000000000000","TEN0_COM0_0000000000_CS00070_IS00192","TEN0_COM0_000000000000000000_CS00070","IS00192","月曜勤務設定",0,0,
,,,,,,,,0,"000000000000","TEN0_COM0_0000000000_CS00070_IS00193","TEN0_COM0_000000000000000000_CS00070","IS00193","月曜の勤務種類",0,0,
,,,,,,,,0,"000000000000","TEN0_COM0_0000000000_CS00070_IS00194","TEN0_COM0_000000000000000000_CS00070","IS00194","月曜の就業時間帯",0,0,
,,,,,,,,0,"000000000000","TEN0_COM0_0000000000_CS00070_IS00195","TEN0_COM0_000000000000000000_CS00070","IS00195","月曜の勤務時間1",0,0,
,,,,,,,,0,"000000000000","TEN0_COM0_0000000000_CS00070_IS00196","TEN0_COM0_000000000000000000_CS00070","IS00196","月曜の開始時刻1",0,0,
,,,,,,,,0,"000000000000","TEN0_COM0_0000000000_CS00070_IS00197","TEN0_COM0_000000000000000000_CS00070","IS00197","月曜の終了時刻1",0,0,
,,,,,,,,0,"000000000000","TEN0_COM0_0000000000_CS00070_IS00198","TEN0_COM0_000000000000000000_CS00070","IS00198","月曜の勤務時間2",0,0,
,,,,,,,,0,"000000000000","TEN0_COM0_0000000000_CS00070_IS00199","TEN0_COM0_000000000000000000_CS00070","IS00199","月曜の開始時刻2",0,0,
,,,,,,,,0,"000000000000","TEN0_COM0_0000000000_CS00070_IS00200","TEN0_COM0_000000000000000000_CS00070","IS00200","月曜の終了時刻2",0,0,
,,,,,,,,0,"000000000000","TEN0_COM0_0000000000_CS00070_IS00201","TEN0_COM0_000000000000000000_CS00070","IS00201","火曜勤務設定",0,0,
,,,,,,,,0,"000000000000","TEN0_COM0_0000000000_CS00070_IS00202","TEN0_COM0_000000000000000000_CS00070","IS00202","火曜の勤務種類",0,0,
,,,,,,,,0,"000000000000","TEN0_COM0_0000000000_CS00070_IS00203","TEN0_COM0_000000000000000000_CS00070","IS00203","火曜の就業時間帯",0,0,
,,,,,,,,0,"000000000000","TEN0_COM0_0000000000_CS00070_IS00204","TEN0_COM0_000000000000000000_CS00070","IS00204","火曜の勤務時間1",0,0,
,,,,,,,,0,"000000000000","TEN0_COM0_0000000000_CS00070_IS00205","TEN0_COM0_000000000000000000_CS00070","IS00205","火曜の開始時刻1",0,0,
,,,,,,,,0,"000000000000","TEN0_COM0_0000000000_CS00070_IS00206","TEN0_COM0_000000000000000000_CS00070","IS00206","火曜の終了時刻1",0,0,
,,,,,,,,0,"000000000000","TEN0_COM0_0000000000_CS00070_IS00207","TEN0_COM0_000000000000000000_CS00070","IS00207","火曜の勤務時間2",0,0,
,,,,,,,,0,"000000000000","TEN0_COM0_0000000000_CS00070_IS00208","TEN0_COM0_000000000000000000_CS00070","IS00208","火曜の開始時刻2",0,0,
,,,,,,,,0,"000000000000","TEN0_COM0_0000000000_CS00070_IS00209","TEN0_COM0_000000000000000000_CS00070","IS00209","火曜の終了時刻2",0,0,
,,,,,,,,0,"000000000000","TEN0_COM0_0000000000_CS00070_IS00210","TEN0_COM0_000000000000000000_CS00070","IS00210","水曜勤務設定",0,0,
,,,,,,,,0,"000000000000","TEN0_COM0_0000000000_CS00070_IS00211","TEN0_COM0_000000000000000000_CS00070","IS00211","水曜の勤務種類",0,0,
,,,,,,,,0,"000000000000","TEN0_COM0_0000000000_CS00070_IS00212","TEN0_COM0_000000000000000000_CS00070","IS00212","水曜の就業時間帯",0,0,
,,,,,,,,0,"000000000000","TEN0_COM0_0000000000_CS00070_IS00213","TEN0_COM0_000000000000000000_CS00070","IS00213","水曜の勤務時間1",0,0,
,,,,,,,,0,"000000000000","TEN0_COM0_0000000000_CS00070_IS00214","TEN0_COM0_000000000000000000_CS00070","IS00214","水曜の開始時刻1",0,0,
,,,,,,,,0,"000000000000","TEN0_COM0_0000000000_CS00070_IS00215","TEN0_COM0_000000000000000000_CS00070","IS00215","水曜の終了時刻1",0,0,
,,,,,,,,0,"000000000000","TEN0_COM0_0000000000_CS00070_IS00216","TEN0_COM0_000000000000000000_CS00070","IS00216","水曜の勤務時間2",0,0,
,,,,,,,,0,"000000000000","TEN0_COM0_0000000000_CS00070_IS00217","TEN0_COM0_000000000000000000_CS00070","IS00217","水曜の開始時刻2",0,0,
,,,,,,,,0,"000000000000","TEN0_COM0_0000000000_CS00070_IS00218","TEN0_COM0_000000000000000000_CS00070","IS00218","水曜の終了時刻2",0,0,
,,,,,,,,0,"000000000000","TEN0_COM0_0000000000_CS00070_IS00219","TEN0_COM0_000000000000000000_CS00070","IS00219","木曜勤務設定",0,0,
,,,,,,,,0,"000000000000","TEN0_COM0_0000000000_CS00070_IS00220","TEN0_COM0_000000000000000000_CS00070","IS00220","木曜の勤務種類",0,0,
,,,,,,,,0,"000000000000","TEN0_COM0_0000000000_CS00070_IS00221","TEN0_COM0_000000000000000000_CS00070","IS00221","木曜の就業時間帯",0,0,
,,,,,,,,0,"000000000000","TEN0_COM0_0000000000_CS00070_IS00222","TEN0_COM0_000000000000000000_CS00070","IS00222","木曜の勤務時間1",0,0,
,,,,,,,,0,"000000000000","TEN0_COM0_0000000000_CS00070_IS00223","TEN0_COM0_000000000000000000_CS00070","IS00223","木曜の開始時刻1",0,0,
,,,,,,,,0,"000000000000","TEN0_COM0_0000000000_CS00070_IS00224","TEN0_COM0_000000000000000000_CS00070","IS00224","木曜の終了時刻1",0,0,
,,,,,,,,0,"000000000000","TEN0_COM0_0000000000_CS00070_IS00225","TEN0_COM0_000000000000000000_CS00070","IS00225","木曜の勤務時間2",0,0,
,,,,,,,,0,"000000000000","TEN0_COM0_0000000000_CS00070_IS00226","TEN0_COM0_000000000000000000_CS00070","IS00226","木曜の開始時刻2",0,0,
,,,,,,,,0,"000000000000","TEN0_COM0_0000000000_CS00070_IS00227","TEN0_COM0_000000000000000000_CS00070","IS00227","木曜の終了時刻2",0,0,
,,,,,,,,0,"000000000000","TEN0_COM0_0000000000_CS00070_IS00228","TEN0_COM0_000000000000000000_CS00070","IS00228","金曜勤務設定",0,0,
,,,,,,,,0,"000000000000","TEN0_COM0_0000000000_CS00070_IS00229","TEN0_COM0_000000000000000000_CS00070","IS00229","金曜の勤務種類",0,0,
,,,,,,,,0,"000000000000","TEN0_COM0_0000000000_CS00070_IS00230","TEN0_COM0_000000000000000000_CS00070","IS00230","金曜の就業時間帯",0,0,
,,,,,,,,0,"000000000000","TEN0_COM0_0000000000_CS00070_IS00231","TEN0_COM0_000000000000000000_CS00070","IS00231","金曜の勤務時間1",0,0,
,,,,,,,,0,"000000000000","TEN0_COM0_0000000000_CS00070_IS00232","TEN0_COM0_000000000000000000_CS00070","IS00232","金曜の開始時刻1",0,0,
,,,,,,,,0,"000000000000","TEN0_COM0_0000000000_CS00070_IS00233","TEN0_COM0_000000000000000000_CS00070","IS00233","金曜の終了時刻1",0,0,
,,,,,,,,0,"000000000000","TEN0_COM0_0000000000_CS00070_IS00234","TEN0_COM0_000000000000000000_CS00070","IS00234","金曜の勤務時間2",0,0,
,,,,,,,,0,"000000000000","TEN0_COM0_0000000000_CS00070_IS00235","TEN0_COM0_000000000000000000_CS00070","IS00235","金曜の開始時刻2",0,0,
,,,,,,,,0,"000000000000","TEN0_COM0_0000000000_CS00070_IS00236","TEN0_COM0_000000000000000000_CS00070","IS00236","金曜の終了時刻2",0,0,
,,,,,,,,0,"000000000000","TEN0_COM0_0000000000_CS00070_IS00237","TEN0_COM0_000000000000000000_CS00070","IS00237","土曜勤務設定",0,0,
,,,,,,,,0,"000000000000","TEN0_COM0_0000000000_CS00070_IS00238","TEN0_COM0_000000000000000000_CS00070","IS00238","土曜の勤務種類",0,0,
,,,,,,,,0,"000000000000","TEN0_COM0_0000000000_CS00070_IS00239","TEN0_COM0_000000000000000000_CS00070","IS00239","土曜の就業時間帯",0,0,
,,,,,,,,0,"000000000000","TEN0_COM0_0000000000_CS00070_IS00240","TEN0_COM0_000000000000000000_CS00070","IS00240","土曜の勤務時間1",0,0,
,,,,,,,,0,"000000000000","TEN0_COM0_0000000000_CS00070_IS00241","TEN0_COM0_000000000000000000_CS00070","IS00241","土曜の開始時刻1",0,0,
,,,,,,,,0,"000000000000","TEN0_COM0_0000000000_CS00070_IS00242","TEN0_COM0_000000000000000000_CS00070","IS00242","土曜の終了時刻1",0,0,
,,,,,,,,0,"000000000000","TEN0_COM0_0000000000_CS00070_IS00243","TEN0_COM0_000000000000000000_CS00070","IS00243","土曜の勤務時間2",0,0,
,,,,,,,,0,"000000000000","TEN0_COM0_0000000000_CS00070_IS00244","TEN0_COM0_000000000000000000_CS00070","IS00244","土曜の開始時刻2",0,0,
,,,,,,,,0,"000000000000","TEN0_COM0_0000000000_CS00070_IS00245","TEN0_COM0_000000000000000000_CS00070","IS00245","土曜の終了時刻2",0,0,
,,,,,,,,0,"000000000000","TEN0_COM0_0000000000_CS00020_IS00246","TEN0_COM0_000000000000000000_CS00020","IS00246","加給時間帯",0,0,
,,,,,,,,0,"000000000000","TEN0_COM0_0000000000_CS00020_IS00247","TEN0_COM0_000000000000000000_CS00020","IS00247","休暇時の就業時間帯の自動設定",0,1,
,,,,,,,,0,"000000000000","TEN0_COM0_0000000000_CS00020_IS00248","TEN0_COM0_000000000000000000_CS00020","IS00248","休暇時の加算時間",0,1,
,,,,,,,,0,"000000000000","TEN0_COM0_0000000000_CS00020_IS00249","TEN0_COM0_000000000000000000_CS00020","IS00249","加算時間１日",0,0,
,,,,,,,,0,"000000000000","TEN0_COM0_0000000000_CS00020_IS00250","TEN0_COM0_000000000000000000_CS00020","IS00250","加算時間午前",0,0,
,,,,,,,,0,"000000000000","TEN0_COM0_0000000000_CS00020_IS00251","TEN0_COM0_000000000000000000_CS00020","IS00251","加算時間午後",0,0,
,,,,,,,,0,"000000000000","TEN0_COM0_0000000000_CS00020_IS00252","TEN0_COM0_000000000000000000_CS00020","IS00252","就業区分",0,1,
,,,,,,,,0,"000000000000","TEN0_COM0_0000000000_CS00020_IS00253","TEN0_COM0_000000000000000000_CS00020","IS00253","契約時間",0,1,
,,,,,,,,0,"000000000000","TEN0_COM0_0000000000_CS00021_IS00254","TEN0_COM0_000000000000000000_CS00021","IS00254","期間",0,1,
,,,,,,,,0,"000000000000","TEN0_COM0_0000000000_CS00021_IS00255","TEN0_COM0_000000000000000000_CS00021","IS00255","開始日",0,1,
,,,,,,,,0,"000000000000","TEN0_COM0_0000000000_CS00021_IS00256","TEN0_COM0_000000000000000000_CS00021","IS00256","終了日",0,0,
,,,,,,,,0,"000000000000","TEN0_COM0_0000000000_CS00021_IS00257","TEN0_COM0_000000000000000000_CS00021","IS00257","勤務種別CD",0,1,
,,,,,,,,0,"000000000000","TEN0_COM0_0000000000_CS00020_IS00258","TEN0_COM0_000000000000000000_CS00020","IS00258","勤務時間の自動設定",0,1,
,,,,,,,,0,"000000000000","TEN0_COM0_0000000000_CS00020_IS00259","TEN0_COM0_000000000000000000_CS00020","IS00259","時給者区分",0,1,
,,,,,,,,0,"000000000000","TEN0_COM0_0000000000_CS00020_IS00260","TEN0_COM0_000000000000000000_CS00020","IS00260","休暇時の就業時間加算設定",0,1,
,,,,,,,,0,"000000000000","TEN0_COM0_0000000000_CS00020_IS00261","TEN0_COM0_000000000000000000_CS00020","IS00261","休日時勤務設定",0,1,
,,,,,,,,0,"000000000000","TEN0_COM0_0000000000_CS00022_IS00262","TEN0_COM0_000000000000000000_CS00022","IS00262","個人携帯電話番号",0,0,
,,,,,,,,0,"000000000000","TEN0_COM0_0000000000_CS00022_IS00263","TEN0_COM0_000000000000000000_CS00022","IS00263","個人メールアドレス",0,0,
,,,,,,,,0,"000000000000","TEN0_COM0_0000000000_CS00022_IS00264","TEN0_COM0_000000000000000000_CS00022","IS00264","個人携帯メールアドレス",0,0,
,,,,,,,,0,"000000000000","TEN0_COM0_0000000000_CS00022_IS00265","TEN0_COM0_000000000000000000_CS00022","IS00265","緊急連絡先名1",0,0,
,,,,,,,,0,"000000000000","TEN0_COM0_0000000000_CS00022_IS00266","TEN0_COM0_000000000000000000_CS00022","IS00266","緊急連絡先電話番号1",0,0,
,,,,,,,,0,"000000000000","TEN0_COM0_0000000000_CS00022_IS00267","TEN0_COM0_000000000000000000_CS00022","IS00267","緊急連絡先メモ1",0,0,
,,,,,,,,0,"000000000000","TEN0_COM0_0000000000_CS00022_IS00268","TEN0_COM0_000000000000000000_CS00022","IS00268","緊急連絡先名2",0,0,
,,,,,,,,0,"000000000000","TEN0_COM0_0000000000_CS00022_IS00269","TEN0_COM0_000000000000000000_CS00022","IS00269","緊急連絡先電話番号2",0,0,
,,,,,,,,0,"000000000000","TEN0_COM0_0000000000_CS00022_IS00270","TEN0_COM0_000000000000000000_CS00022","IS00270","緊急連絡先メモ2",0,0,
,,,,,,,,0,"000000000000","TEN0_COM0_0000000000_CS00023_IS00271","TEN0_COM0_000000000000000000_CS00023","IS00271","会社携帯電話番号",0,0,
,,,,,,,,0,"000000000000","TEN0_COM0_0000000000_CS00023_IS00272","TEN0_COM0_000000000000000000_CS00023","IS00272","会社メールアドレス",0,0,
,,,,,,,,0,"000000000000","TEN0_COM0_0000000000_CS00023_IS00273","TEN0_COM0_000000000000000000_CS00023","IS00273","会社携帯メールアドレス",0,0,
,,,,,,,,0,"000000000000","TEN0_COM0_0000000000_CS00023_IS00274","TEN0_COM0_000000000000000000_CS00023","IS00274","座席電話番号ダイヤルイン",0,0,
,,,,,,,,0,"000000000000","TEN0_COM0_0000000000_CS00023_IS00275","TEN0_COM0_000000000000000000_CS00023","IS00275","座席電話番号内線",0,0,
,,,,,,,,0,"000000000000","TEN0_COM0_0000000000_CS00024_IS00276","TEN0_COM0_000000000000000000_CS00024","IS00276","年休残数",0,0,
,,,,,,,,0,"000000000000","TEN0_COM0_0000000000_CS00024_IS00277","TEN0_COM0_000000000000000000_CS00024","IS00277","前回年休付与日",0,0,
,,,,,,,,0,"000000000000","TEN0_COM0_0000000000_CS00024_IS00278","TEN0_COM0_000000000000000000_CS00024","IS00278","年休付与",0,1,
,,,,,,,,0,"000000000000","TEN0_COM0_0000000000_CS00024_IS00279","TEN0_COM0_000000000000000000_CS00024","IS00279","年休付与基準日",0,1,
,,,,,,,,0,"000000000000","TEN0_COM0_0000000000_CS00024_IS00280","TEN0_COM0_000000000000000000_CS00024","IS00280","年休付与テーブル",0,1,
,,,,,,,,0,"000000000000","TEN0_COM0_0000000000_CS00024_IS00281","TEN0_COM0_000000000000000000_CS00024","IS00281","次回年休付与日",0,0,
,,,,,,,,0,"000000000000","TEN0_COM0_0000000000_CS00024_IS00282","TEN0_COM0_000000000000000000_CS00024","IS00282","次回年休付与日数",0,0,
,,,,,,,,0,"000000000000","TEN0_COM0_0000000000_CS00024_IS00283","TEN0_COM0_000000000000000000_CS00024","IS00283","次回時間年休付与上限",0,0,
,,,,,,,,0,"000000000000","TEN0_COM0_0000000000_CS00024_IS00284","TEN0_COM0_000000000000000000_CS00024","IS00284","年間所定労働日数",0,0,
,,,,,,,,0,"000000000000","TEN0_COM0_0000000000_CS00024_IS00285","TEN0_COM0_000000000000000000_CS00024","IS00285","導入前労働日数",0,0,
,,,,,,,,0,"000000000000","TEN0_COM0_0000000000_CS00024_IS00286","TEN0_COM0_000000000000000000_CS00024","IS00286","時間年休年間上限",0,0,
,,,,,,,,0,"000000000000","TEN0_COM0_0000000000_CS00024_IS00287","TEN0_COM0_000000000000000000_CS00024","IS00287","時間年休上限時間",0,0,
,,,,,,,,0,"000000000000","TEN0_COM0_0000000000_CS00024_IS00288","TEN0_COM0_000000000000000000_CS00024","IS00288","時間年休使用時間",0,0,
,,,,,,,,0,"000000000000","TEN0_COM0_0000000000_CS00024_IS00289","TEN0_COM0_000000000000000000_CS00024","IS00289","時間年休残時間",0,0,
,,,,,,,,0,"000000000000","TEN0_COM0_0000000000_CS00024_IS00290","TEN0_COM0_000000000000000000_CS00024","IS00290","半休上限",0,0,
,,,,,,,,0,"000000000000","TEN0_COM0_0000000000_CS00024_IS00291","TEN0_COM0_000000000000000000_CS00024","IS00291","半休上限回数",0,0,
,,,,,,,,0,"000000000000","TEN0_COM0_0000000000_CS00024_IS00292","TEN0_COM0_000000000000000000_CS00024","IS00292","半休使用回数",0,0,
,,,,,,,,0,"000000000000","TEN0_COM0_0000000000_CS00024_IS00293","TEN0_COM0_000000000000000000_CS00024","IS00293","半休残回数",0,0,
,,,,,,,,0,"000000000000","TEN0_COM0_0000000000_CS00024_IS00294","TEN0_COM0_000000000000000000_CS00024","IS00294","ストック休暇残数",0,0,
,,,,,,,,0,"000000000000","TEN0_COM0_0000000000_CS00025_IS00295","TEN0_COM0_000000000000000000_CS00025","IS00295","特別休暇付与基準日",0,1,
,,,,,,,,0,"000000000000","TEN0_COM0_0000000000_CS00025_IS00296","TEN0_COM0_000000000000000000_CS00025","IS00296","特別休暇管理",0,1,
,,,,,,,,0,"000000000000","TEN0_COM0_0000000000_CS00025_IS00297","TEN0_COM0_000000000000000000_CS00025","IS00297","付与設定",0,1,
,,,,,,,,0,"000000000000","TEN0_COM0_0000000000_CS00025_IS00298","TEN0_COM0_000000000000000000_CS00025","IS00298","付与日数",0,0,
,,,,,,,,0,"000000000000","TEN0_COM0_0000000000_CS00025_IS00299","TEN0_COM0_000000000000000000_CS00025","IS00299","付与テーブル",0,0,
,,,,,,,,0,"000000000000","TEN0_COM0_0000000000_CS00025_IS00300","TEN0_COM0_000000000000000000_CS00025","IS00300","次回付与日",0,0,
,,,,,,,,0,"000000000000","TEN0_COM0_0000000000_CS00025_IS00301","TEN0_COM0_000000000000000000_CS00025","IS00301","特別休暇残数",0,0,
,,,,,,,,0,"000000000000","TEN0_COM0_0000000000_CS00026_IS00302","TEN0_COM0_000000000000000000_CS00026","IS00302","特別休暇付与基準日",0,1,
,,,,,,,,0,"000000000000","TEN0_COM0_0000000000_CS00026_IS00303","TEN0_COM0_000000000000000000_CS00026","IS00303","特別休暇管理",0,1,
,,,,,,,,0,"000000000000","TEN0_COM0_0000000000_CS00026_IS00304","TEN0_COM0_000000000000000000_CS00026","IS00304","付与設定",0,1,
,,,,,,,,0,"000000000000","TEN0_COM0_0000000000_CS00026_IS00305","TEN0_COM0_000000000000000000_CS00026","IS00305","付与日数",0,0,
,,,,,,,,0,"000000000000","TEN0_COM0_0000000000_CS00026_IS00306","TEN0_COM0_000000000000000000_CS00026","IS00306","付与テーブル",0,0,
,,,,,,,,0,"000000000000","TEN0_COM0_0000000000_CS00026_IS00307","TEN0_COM0_000000000000000000_CS00026","IS00307","次回付与日",0,0,
,,,,,,,,0,"000000000000","TEN0_COM0_0000000000_CS00026_IS00308","TEN0_COM0_000000000000000000_CS00026","IS00308","特別休暇残数",0,0,
,,,,,,,,0,"000000000000","TEN0_COM0_0000000000_CS00027_IS00309","TEN0_COM0_000000000000000000_CS00027","IS00309","特別休暇付与基準日",0,1,
,,,,,,,,0,"000000000000","TEN0_COM0_0000000000_CS00027_IS00310","TEN0_COM0_000000000000000000_CS00027","IS00310","特別休暇管理",0,1,
,,,,,,,,0,"000000000000","TEN0_COM0_0000000000_CS00027_IS00311","TEN0_COM0_000000000000000000_CS00027","IS00311","付与設定",0,1,
,,,,,,,,0,"000000000000","TEN0_COM0_0000000000_CS00027_IS00312","TEN0_COM0_000000000000000000_CS00027","IS00312","付与日数",0,0,
,,,,,,,,0,"000000000000","TEN0_COM0_0000000000_CS00027_IS00313","TEN0_COM0_000000000000000000_CS00027","IS00313","付与テーブル",0,0,
,,,,,,,,0,"000000000000","TEN0_COM0_0000000000_CS00027_IS00314","TEN0_COM0_000000000000000000_CS00027","IS00314","次回付与日",0,0,
,,,,,,,,0,"000000000000","TEN0_COM0_0000000000_CS00027_IS00315","TEN0_COM0_000000000000000000_CS00027","IS00315","特別休暇残数",0,0,
,,,,,,,,0,"000000000000","TEN0_COM0_0000000000_CS00028_IS00316","TEN0_COM0_000000000000000000_CS00028","IS00316","特別休暇付与基準日",0,1,
,,,,,,,,0,"000000000000","TEN0_COM0_0000000000_CS00028_IS00317","TEN0_COM0_000000000000000000_CS00028","IS00317","特別休暇管理",0,1,
,,,,,,,,0,"000000000000","TEN0_COM0_0000000000_CS00028_IS00318","TEN0_COM0_000000000000000000_CS00028","IS00318","付与設定",0,1,
,,,,,,,,0,"000000000000","TEN0_COM0_0000000000_CS00028_IS00319","TEN0_COM0_000000000000000000_CS00028","IS00319","付与日数",0,0,
,,,,,,,,0,"000000000000","TEN0_COM0_0000000000_CS00028_IS00320","TEN0_COM0_000000000000000000_CS00028","IS00320","付与テーブル",0,0,
,,,,,,,,0,"000000000000","TEN0_COM0_0000000000_CS00028_IS00321","TEN0_COM0_000000000000000000_CS00028","IS00321","次回付与日",0,0,
,,,,,,,,0,"000000000000","TEN0_COM0_0000000000_CS00028_IS00322","TEN0_COM0_000000000000000000_CS00028","IS00322","特別休暇残数",0,0,
,,,,,,,,0,"000000000000","TEN0_COM0_0000000000_CS00029_IS00323","TEN0_COM0_000000000000000000_CS00029","IS00323","特別休暇付与基準日",0,1,
,,,,,,,,0,"000000000000","TEN0_COM0_0000000000_CS00029_IS00324","TEN0_COM0_000000000000000000_CS00029","IS00324","特別休暇管理",0,1,
,,,,,,,,0,"000000000000","TEN0_COM0_0000000000_CS00029_IS00325","TEN0_COM0_000000000000000000_CS00029","IS00325","付与設定",0,1,
,,,,,,,,0,"000000000000","TEN0_COM0_0000000000_CS00029_IS00326","TEN0_COM0_000000000000000000_CS00029","IS00326","付与日数",0,0,
,,,,,,,,0,"000000000000","TEN0_COM0_0000000000_CS00029_IS00327","TEN0_COM0_000000000000000000_CS00029","IS00327","付与テーブル",0,0,
,,,,,,,,0,"000000000000","TEN0_COM0_0000000000_CS00029_IS00328","TEN0_COM0_000000000000000000_CS00029","IS00328","次回付与日",0,0,
,,,,,,,,0,"000000000000","TEN0_COM0_0000000000_CS00029_IS00329","TEN0_COM0_000000000000000000_CS00029","IS00329","特別休暇残数",0,0,
,,,,,,,,0,"000000000000","TEN0_COM0_0000000000_CS00030_IS00330","TEN0_COM0_000000000000000000_CS00030","IS00330","特別休暇付与基準日",0,1,
,,,,,,,,0,"000000000000","TEN0_COM0_0000000000_CS00030_IS00331","TEN0_COM0_000000000000000000_CS00030","IS00331","特別休暇管理",0,1,
,,,,,,,,0,"000000000000","TEN0_COM0_0000000000_CS00030_IS00332","TEN0_COM0_000000000000000000_CS00030","IS00332","付与設定",0,1,
,,,,,,,,0,"000000000000","TEN0_COM0_0000000000_CS00030_IS00333","TEN0_COM0_000000000000000000_CS00030","IS00333","付与日数",0,0,
,,,,,,,,0,"000000000000","TEN0_COM0_0000000000_CS00030_IS00334","TEN0_COM0_000000000000000000_CS00030","IS00334","付与テーブル",0,0,
,,,,,,,,0,"000000000000","TEN0_COM0_0000000000_CS00030_IS00335","TEN0_COM0_000000000000000000_CS00030","IS00335","次回付与日",0,0,
,,,,,,,,0,"000000000000","TEN0_COM0_0000000000_CS00030_IS00336","TEN0_COM0_000000000000000000_CS00030","IS00336","特別休暇残数",0,0,
,,,,,,,,0,"000000000000","TEN0_COM0_0000000000_CS00031_IS00337","TEN0_COM0_000000000000000000_CS00031","IS00337","特別休暇付与基準日",0,1,
,,,,,,,,0,"000000000000","TEN0_COM0_0000000000_CS00031_IS00338","TEN0_COM0_000000000000000000_CS00031","IS00338","特別休暇管理",0,1,
,,,,,,,,0,"000000000000","TEN0_COM0_0000000000_CS00031_IS00339","TEN0_COM0_000000000000000000_CS00031","IS00339","付与設定",0,1,
,,,,,,,,0,"000000000000","TEN0_COM0_0000000000_CS00031_IS00340","TEN0_COM0_000000000000000000_CS00031","IS00340","付与日数",0,0,
,,,,,,,,0,"000000000000","TEN0_COM0_0000000000_CS00031_IS00341","TEN0_COM0_000000000000000000_CS00031","IS00341","付与テーブル",0,0,
,,,,,,,,0,"000000000000","TEN0_COM0_0000000000_CS00031_IS00342","TEN0_COM0_000000000000000000_CS00031","IS00342","次回付与日",0,0,
,,,,,,,,0,"000000000000","TEN0_COM0_0000000000_CS00031_IS00343","TEN0_COM0_000000000000000000_CS00031","IS00343","特別休暇残数",0,0,
,,,,,,,,0,"000000000000","TEN0_COM0_0000000000_CS00032_IS00344","TEN0_COM0_000000000000000000_CS00032","IS00344","特別休暇付与基準日",0,1,
,,,,,,,,0,"000000000000","TEN0_COM0_0000000000_CS00032_IS00345","TEN0_COM0_000000000000000000_CS00032","IS00345","特別休暇管理",0,1,
,,,,,,,,0,"000000000000","TEN0_COM0_0000000000_CS00032_IS00346","TEN0_COM0_000000000000000000_CS00032","IS00346","付与設定",0,1,
,,,,,,,,0,"000000000000","TEN0_COM0_0000000000_CS00032_IS00347","TEN0_COM0_000000000000000000_CS00032","IS00347","付与日数",0,0,
,,,,,,,,0,"000000000000","TEN0_COM0_0000000000_CS00032_IS00348","TEN0_COM0_000000000000000000_CS00032","IS00348","付与テーブル",0,0,
,,,,,,,,0,"000000000000","TEN0_COM0_0000000000_CS00032_IS00349","TEN0_COM0_000000000000000000_CS00032","IS00349","次回付与日",0,0,
,,,,,,,,0,"000000000000","TEN0_COM0_0000000000_CS00032_IS00350","TEN0_COM0_000000000000000000_CS00032","IS00350","特別休暇残数",0,0,
,,,,,,,,0,"000000000000","TEN0_COM0_0000000000_CS00033_IS00351","TEN0_COM0_000000000000000000_CS00033","IS00351","特別休暇付与基準日",0,1,
,,,,,,,,0,"000000000000","TEN0_COM0_0000000000_CS00033_IS00352","TEN0_COM0_000000000000000000_CS00033","IS00352","特別休暇管理",0,1,
,,,,,,,,0,"000000000000","TEN0_COM0_0000000000_CS00033_IS00353","TEN0_COM0_000000000000000000_CS00033","IS00353","付与設定",0,1,
,,,,,,,,0,"000000000000","TEN0_COM0_0000000000_CS00033_IS00354","TEN0_COM0_000000000000000000_CS00033","IS00354","付与日数",0,0,
,,,,,,,,0,"000000000000","TEN0_COM0_0000000000_CS00033_IS00355","TEN0_COM0_000000000000000000_CS00033","IS00355","付与テーブル",0,0,
,,,,,,,,0,"000000000000","TEN0_COM0_0000000000_CS00033_IS00356","TEN0_COM0_000000000000000000_CS00033","IS00356","次回付与日",0,0,
,,,,,,,,0,"000000000000","TEN0_COM0_0000000000_CS00033_IS00357","TEN0_COM0_000000000000000000_CS00033","IS00357","特別休暇残数",0,0,
,,,,,,,,0,"000000000000","TEN0_COM0_0000000000_CS00034_IS00358","TEN0_COM0_000000000000000000_CS00034","IS00358","忌引き休暇付与基準日",0,1,
,,,,,,,,0,"000000000000","TEN0_COM0_0000000000_CS00034_IS00359","TEN0_COM0_000000000000000000_CS00034","IS00359","忌引き休暇管理",0,1,
,,,,,,,,0,"000000000000","TEN0_COM0_0000000000_CS00034_IS00360","TEN0_COM0_000000000000000000_CS00034","IS00360","忌引き休暇付与設定",0,1,
,,,,,,,,0,"000000000000","TEN0_COM0_0000000000_CS00034_IS00361","TEN0_COM0_000000000000000000_CS00034","IS00361","忌引き休暇付与日数",0,0,
,,,,,,,,0,"000000000000","TEN0_COM0_0000000000_CS00034_IS00362","TEN0_COM0_000000000000000000_CS00034","IS00362","忌引き休暇付与テーブル",0,0,
,,,,,,,,0,"000000000000","TEN0_COM0_0000000000_CS00034_IS00363","TEN0_COM0_000000000000000000_CS00034","IS00363","忌引き休暇次回付与日",0,0,
,,,,,,,,0,"000000000000","TEN0_COM0_0000000000_CS00034_IS00364","TEN0_COM0_000000000000000000_CS00034","IS00364","忌引き休暇残数",0,0,
,,,,,,,,0,"000000000000","TEN0_COM0_0000000000_CS00035_IS00366","TEN0_COM0_000000000000000000_CS00035","IS00366","代休残数",0,0,
,,,,,,,,0,"000000000000","TEN0_COM0_0000000000_CS00035_IS00368","TEN0_COM0_000000000000000000_CS00035","IS00368","振休残数",0,0,
,,,,,,,,0,"000000000000","TEN0_COM0_0000000000_CS00035_IS00369","TEN0_COM0_000000000000000000_CS00035","IS00369","公休残数",0,0,
,,,,,,,,0,"000000000000","TEN0_COM0_0000000000_CS00035_IS00370","TEN0_COM0_000000000000000000_CS00035","IS00370","60H超休管理",0,1,
,,,,,,,,0,"000000000000","TEN0_COM0_0000000000_CS00035_IS00371","TEN0_COM0_000000000000000000_CS00035","IS00371","発生単位",0,0,
,,,,,,,,0,"000000000000","TEN0_COM0_0000000000_CS00035_IS00372","TEN0_COM0_000000000000000000_CS00035","IS00372","精算方法",0,1,
,,,,,,,,0,"000000000000","TEN0_COM0_0000000000_CS00035_IS00374","TEN0_COM0_000000000000000000_CS00035","IS00374","60H超休残数",0,0,
,,,,,,,,0,"000000000000","TEN0_COM0_0000000000_CS00036_IS00375","TEN0_COM0_000000000000000000_CS00036","IS00375","子の看護休暇管理",0,1,
,,,,,,,,0,"000000000000","TEN0_COM0_0000000000_CS00036_IS00376","TEN0_COM0_000000000000000000_CS00036","IS00376","子の看護上限設定",0,1,
,,,,,,,,0,"000000000000","TEN0_COM0_0000000000_CS00036_IS00377","TEN0_COM0_000000000000000000_CS00036","IS00377","本年度の子の看護上限日数",0,0,
,,,,,,,,0,"000000000000","TEN0_COM0_0000000000_CS00036_IS00378","TEN0_COM0_000000000000000000_CS00036","IS00378","次年度の子の看護上限日数",0,0,
,,,,,,,,0,"000000000000","TEN0_COM0_0000000000_CS00036_IS00379","TEN0_COM0_000000000000000000_CS00036","IS00379","子の看護使用日数",0,1,
,,,,,,,,0,"000000000000","TEN0_COM0_0000000000_CS00036_IS00380","TEN0_COM0_000000000000000000_CS00036","IS00380","介護休暇管理",0,1,
,,,,,,,,0,"000000000000","TEN0_COM0_0000000000_CS00036_IS00381","TEN0_COM0_000000000000000000_CS00036","IS00381","介護上限設定",0,1,
,,,,,,,,0,"000000000000","TEN0_COM0_0000000000_CS00036_IS00382","TEN0_COM0_000000000000000000_CS00036","IS00382","本年度の介護上限日数",0,0,
,,,,,,,,0,"000000000000","TEN0_COM0_0000000000_CS00036_IS00383","TEN0_COM0_000000000000000000_CS00036","IS00383","次年度の介護上限日数",0,0,
,,,,,,,,0,"000000000000","TEN0_COM0_0000000000_CS00036_IS00384","TEN0_COM0_000000000000000000_CS00036","IS00384","介護使用日数",0,1,
,,,,,,,,0,"000000000000","TEN0_COM0_0000000000_CS00037_IS00385","TEN0_COM0_000000000000000000_CS00037","IS00385","年休付与日",0,0,
,,,,,,,,0,"000000000000","TEN0_COM0_0000000000_CS00037_IS00386","TEN0_COM0_000000000000000000_CS00037","IS00386","年休期限日",0,0,
,,,,,,,,0,"000000000000","TEN0_COM0_0000000000_CS00037_IS00387","TEN0_COM0_000000000000000000_CS00037","IS00387","年休期限切れ状態",0,0,
,,,,,,,,0,"000000000000","TEN0_COM0_0000000000_CS00037_IS00388","TEN0_COM0_000000000000000000_CS00037","IS00388","年休使用状況",0,0,
,,,,,,,,0,"000000000000","TEN0_COM0_0000000000_CS00037_IS00389","TEN0_COM0_000000000000000000_CS00037","IS00389","付与数",0,0,
,,,,,,,,0,"000000000000","TEN0_COM0_0000000000_CS00037_IS00390","TEN0_COM0_000000000000000000_CS00037","IS00390","付与日数",0,0,
,,,,,,,,0,"000000000000","TEN0_COM0_0000000000_CS00037_IS00391","TEN0_COM0_000000000000000000_CS00037","IS00391","付与時間",0,0,
,,,,,,,,0,"000000000000","TEN0_COM0_0000000000_CS00037_IS00392","TEN0_COM0_000000000000000000_CS00037","IS00392","使用数",0,0,
,,,,,,,,0,"000000000000","TEN0_COM0_0000000000_CS00037_IS00393","TEN0_COM0_000000000000000000_CS00037","IS00393","使用日数",0,0,
,,,,,,,,0,"000000000000","TEN0_COM0_0000000000_CS00037_IS00394","TEN0_COM0_000000000000000000_CS00037","IS00394","使用時間",0,0,
,,,,,,,,0,"000000000000","TEN0_COM0_0000000000_CS00037_IS00395","TEN0_COM0_000000000000000000_CS00037","IS00395","残数",0,0,
,,,,,,,,0,"000000000000","TEN0_COM0_0000000000_CS00037_IS00396","TEN0_COM0_000000000000000000_CS00037","IS00396","残日数",0,0,
,,,,,,,,0,"000000000000","TEN0_COM0_0000000000_CS00037_IS00397","TEN0_COM0_000000000000000000_CS00037","IS00397","残時間",0,0,
,,,,,,,,0,"000000000000","TEN0_COM0_0000000000_CS00038_IS00398","TEN0_COM0_000000000000000000_CS00038","IS00398","ストック休暇付与日",0,0,
,,,,,,,,0,"000000000000","TEN0_COM0_0000000000_CS00038_IS00399","TEN0_COM0_000000000000000000_CS00038","IS00399","ストック休暇期限日",0,0,
,,,,,,,,0,"000000000000","TEN0_COM0_0000000000_CS00038_IS00400","TEN0_COM0_000000000000000000_CS00038","IS00400","ストック休暇期限切れ状態",0,0,
,,,,,,,,0,"000000000000","TEN0_COM0_0000000000_CS00038_IS00401","TEN0_COM0_000000000000000000_CS00038","IS00401","ストック休暇使用状況",0,0,
,,,,,,,,0,"000000000000","TEN0_COM0_0000000000_CS00038_IS00403","TEN0_COM0_000000000000000000_CS00038","IS00403","付与数",0,0,
,,,,,,,,0,"000000000000","TEN0_COM0_0000000000_CS00038_IS00404","TEN0_COM0_000000000000000000_CS00038","IS00404","使用数",0,0,
,,,,,,,,0,"000000000000","TEN0_COM0_0000000000_CS00038_IS00405","TEN0_COM0_000000000000000000_CS00038","IS00405","使用日数",0,0,
,,,,,,,,0,"000000000000","TEN0_COM0_0000000000_CS00038_IS00406","TEN0_COM0_000000000000000000_CS00038","IS00406","上限超過消滅日数",0,0,
,,,,,,,,0,"000000000000","TEN0_COM0_0000000000_CS00038_IS00408","TEN0_COM0_000000000000000000_CS00038","IS00408","残数",0,0,
,,,,,,,,0,"000000000000","TEN0_COM0_0000000000_CS00039_IS00409","TEN0_COM0_000000000000000000_CS00039","IS00409","付与日",0,0,
,,,,,,,,0,"000000000000","TEN0_COM0_0000000000_CS00039_IS00410","TEN0_COM0_000000000000000000_CS00039","IS00410","期限日",0,0,
,,,,,,,,0,"000000000000","TEN0_COM0_0000000000_CS00039_IS00411","TEN0_COM0_000000000000000000_CS00039","IS00411","期限切れ状態",0,0,
,,,,,,,,0,"000000000000","TEN0_COM0_0000000000_CS00039_IS00412","TEN0_COM0_000000000000000000_CS00039","IS00412","使用状況",0,0,
,,,,,,,,0,"000000000000","TEN0_COM0_0000000000_CS00039_IS00413","TEN0_COM0_000000000000000000_CS00039","IS00413","付与数",0,0,
,,,,,,,,0,"000000000000","TEN0_COM0_0000000000_CS00039_IS00414","TEN0_COM0_000000000000000000_CS00039","IS00414","付与日数",0,0,
,,,,,,,,0,"000000000000","TEN0_COM0_0000000000_CS00039_IS00415","TEN0_COM0_000000000000000000_CS00039","IS00415","付与時間",0,0,
,,,,,,,,0,"000000000000","TEN0_COM0_0000000000_CS00039_IS00416","TEN0_COM0_000000000000000000_CS00039","IS00416","使用数",0,0,
,,,,,,,,0,"000000000000","TEN0_COM0_0000000000_CS00039_IS00417","TEN0_COM0_000000000000000000_CS00039","IS00417","使用日数",0,0,
,,,,,,,,0,"000000000000","TEN0_COM0_0000000000_CS00039_IS00418","TEN0_COM0_000000000000000000_CS00039","IS00418","使用時間",0,0,
,,,,,,,,0,"000000000000","TEN0_COM0_0000000000_CS00039_IS00419","TEN0_COM0_000000000000000000_CS00039","IS00419","上限超過消滅日数",0,0,
,,,,,,,,0,"000000000000","TEN0_COM0_0000000000_CS00039_IS00420","TEN0_COM0_000000000000000000_CS00039","IS00420","上限超過消滅時間",0,0,
,,,,,,,,0,"000000000000","TEN0_COM0_0000000000_CS00039_IS00421","TEN0_COM0_000000000000000000_CS00039","IS00421","残数",0,0,
,,,,,,,,0,"000000000000","TEN0_COM0_0000000000_CS00039_IS00422","TEN0_COM0_000000000000000000_CS00039","IS00422","残日数",0,0,
,,,,,,,,0,"000000000000","TEN0_COM0_0000000000_CS00039_IS00423","TEN0_COM0_000000000000000000_CS00039","IS00423","残時間",0,0,
,,,,,,,,0,"000000000000","TEN0_COM0_0000000000_CS00040_IS00424","TEN0_COM0_000000000000000000_CS00040","IS00424","付与日",0,0,
,,,,,,,,0,"000000000000","TEN0_COM0_0000000000_CS00040_IS00425","TEN0_COM0_000000000000000000_CS00040","IS00425","期限日",0,0,
,,,,,,,,0,"000000000000","TEN0_COM0_0000000000_CS00040_IS00426","TEN0_COM0_000000000000000000_CS00040","IS00426","期限切れ状態",0,0,
,,,,,,,,0,"000000000000","TEN0_COM0_0000000000_CS00040_IS00427","TEN0_COM0_000000000000000000_CS00040","IS00427","使用状況",0,0,
,,,,,,,,0,"000000000000","TEN0_COM0_0000000000_CS00040_IS00428","TEN0_COM0_000000000000000000_CS00040","IS00428","付与数",0,0,
,,,,,,,,0,"000000000000","TEN0_COM0_0000000000_CS00040_IS00429","TEN0_COM0_000000000000000000_CS00040","IS00429","付与日数",0,0,
,,,,,,,,0,"000000000000","TEN0_COM0_0000000000_CS00040_IS00430","TEN0_COM0_000000000000000000_CS00040","IS00430","付与時間",0,0,
,,,,,,,,0,"000000000000","TEN0_COM0_0000000000_CS00040_IS00431","TEN0_COM0_000000000000000000_CS00040","IS00431","使用数",0,0,
,,,,,,,,0,"000000000000","TEN0_COM0_0000000000_CS00040_IS00432","TEN0_COM0_000000000000000000_CS00040","IS00432","使用日数",0,0,
,,,,,,,,0,"000000000000","TEN0_COM0_0000000000_CS00040_IS00433","TEN0_COM0_000000000000000000_CS00040","IS00433","使用時間",0,0,
,,,,,,,,0,"000000000000","TEN0_COM0_0000000000_CS00040_IS00434","TEN0_COM0_000000000000000000_CS00040","IS00434","上限超過消滅日数",0,0,
,,,,,,,,0,"000000000000","TEN0_COM0_0000000000_CS00040_IS00435","TEN0_COM0_000000000000000000_CS00040","IS00435","上限超過消滅時間",0,0,
,,,,,,,,0,"000000000000","TEN0_COM0_0000000000_CS00040_IS00436","TEN0_COM0_000000000000000000_CS00040","IS00436","残数",0,0,
,,,,,,,,0,"000000000000","TEN0_COM0_0000000000_CS00040_IS00437","TEN0_COM0_000000000000000000_CS00040","IS00437","残日数",0,0,
,,,,,,,,0,"000000000000","TEN0_COM0_0000000000_CS00040_IS00438","TEN0_COM0_000000000000000000_CS00040","IS00438","残時間",0,0,
,,,,,,,,0,"000000000000","TEN0_COM0_0000000000_CS00041_IS00439","TEN0_COM0_000000000000000000_CS00041","IS00439","付与日",0,0,
,,,,,,,,0,"000000000000","TEN0_COM0_0000000000_CS00041_IS00440","TEN0_COM0_000000000000000000_CS00041","IS00440","期限日",0,0,
,,,,,,,,0,"000000000000","TEN0_COM0_0000000000_CS00041_IS00441","TEN0_COM0_000000000000000000_CS00041","IS00441","期限切れ状態",0,0,
,,,,,,,,0,"000000000000","TEN0_COM0_0000000000_CS00041_IS00442","TEN0_COM0_000000000000000000_CS00041","IS00442","使用状況",0,0,
,,,,,,,,0,"000000000000","TEN0_COM0_0000000000_CS00041_IS00443","TEN0_COM0_000000000000000000_CS00041","IS00443","付与数",0,0,
,,,,,,,,0,"000000000000","TEN0_COM0_0000000000_CS00041_IS00444","TEN0_COM0_000000000000000000_CS00041","IS00444","付与日数",0,0,
,,,,,,,,0,"000000000000","TEN0_COM0_0000000000_CS00041_IS00445","TEN0_COM0_000000000000000000_CS00041","IS00445","付与時間",0,0,
,,,,,,,,0,"000000000000","TEN0_COM0_0000000000_CS00041_IS00446","TEN0_COM0_000000000000000000_CS00041","IS00446","使用数",0,0,
,,,,,,,,0,"000000000000","TEN0_COM0_0000000000_CS00041_IS00447","TEN0_COM0_000000000000000000_CS00041","IS00447","使用日数",0,0,
,,,,,,,,0,"000000000000","TEN0_COM0_0000000000_CS00041_IS00448","TEN0_COM0_000000000000000000_CS00041","IS00448","使用時間",0,0,
,,,,,,,,0,"000000000000","TEN0_COM0_0000000000_CS00041_IS00449","TEN0_COM0_000000000000000000_CS00041","IS00449","上限超過消滅日数",0,0,
,,,,,,,,0,"000000000000","TEN0_COM0_0000000000_CS00041_IS00450","TEN0_COM0_000000000000000000_CS00041","IS00450","上限超過消滅時間",0,0,
,,,,,,,,0,"000000000000","TEN0_COM0_0000000000_CS00041_IS00451","TEN0_COM0_000000000000000000_CS00041","IS00451","残数",0,0,
,,,,,,,,0,"000000000000","TEN0_COM0_0000000000_CS00041_IS00452","TEN0_COM0_000000000000000000_CS00041","IS00452","残日数",0,0,
,,,,,,,,0,"000000000000","TEN0_COM0_0000000000_CS00041_IS00453","TEN0_COM0_000000000000000000_CS00041","IS00453","残時間",0,0,
,,,,,,,,0,"000000000000","TEN0_COM0_0000000000_CS00042_IS00454","TEN0_COM0_000000000000000000_CS00042","IS00454","付与日",0,0,
,,,,,,,,0,"000000000000","TEN0_COM0_0000000000_CS00042_IS00455","TEN0_COM0_000000000000000000_CS00042","IS00455","期限日",0,0,
,,,,,,,,0,"000000000000","TEN0_COM0_0000000000_CS00042_IS00456","TEN0_COM0_000000000000000000_CS00042","IS00456","期限切れ状態",0,0,
,,,,,,,,0,"000000000000","TEN0_COM0_0000000000_CS00042_IS00457","TEN0_COM0_000000000000000000_CS00042","IS00457","使用状況",0,0,
,,,,,,,,0,"000000000000","TEN0_COM0_0000000000_CS00042_IS00458","TEN0_COM0_000000000000000000_CS00042","IS00458","付与数",0,0,
,,,,,,,,0,"000000000000","TEN0_COM0_0000000000_CS00042_IS00459","TEN0_COM0_000000000000000000_CS00042","IS00459","付与日数",0,0,
,,,,,,,,0,"000000000000","TEN0_COM0_0000000000_CS00042_IS00460","TEN0_COM0_000000000000000000_CS00042","IS00460","付与時間",0,0,
,,,,,,,,0,"000000000000","TEN0_COM0_0000000000_CS00042_IS00461","TEN0_COM0_000000000000000000_CS00042","IS00461","使用数",0,0,
,,,,,,,,0,"000000000000","TEN0_COM0_0000000000_CS00042_IS00462","TEN0_COM0_000000000000000000_CS00042","IS00462","使用日数",0,0,
,,,,,,,,0,"000000000000","TEN0_COM0_0000000000_CS00042_IS00463","TEN0_COM0_000000000000000000_CS00042","IS00463","使用時間",0,0,
,,,,,,,,0,"000000000000","TEN0_COM0_0000000000_CS00042_IS00464","TEN0_COM0_000000000000000000_CS00042","IS00464","上限超過消滅日数",0,0,
,,,,,,,,0,"000000000000","TEN0_COM0_0000000000_CS00042_IS00465","TEN0_COM0_000000000000000000_CS00042","IS00465","上限超過消滅時間",0,0,
,,,,,,,,0,"000000000000","TEN0_COM0_0000000000_CS00042_IS00466","TEN0_COM0_000000000000000000_CS00042","IS00466","残数",0,0,
,,,,,,,,0,"000000000000","TEN0_COM0_0000000000_CS00042_IS00467","TEN0_COM0_000000000000000000_CS00042","IS00467","残日数",0,0,
,,,,,,,,0,"000000000000","TEN0_COM0_0000000000_CS00042_IS00468","TEN0_COM0_000000000000000000_CS00042","IS00468","残時間",0,0,
,,,,,,,,0,"000000000000","TEN0_COM0_0000000000_CS00043_IS00469","TEN0_COM0_000000000000000000_CS00043","IS00469","付与日",0,0,
,,,,,,,,0,"000000000000","TEN0_COM0_0000000000_CS00043_IS00470","TEN0_COM0_000000000000000000_CS00043","IS00470","期限日",0,0,
,,,,,,,,0,"000000000000","TEN0_COM0_0000000000_CS00043_IS00471","TEN0_COM0_000000000000000000_CS00043","IS00471","期限切れ状態",0,0,
,,,,,,,,0,"000000000000","TEN0_COM0_0000000000_CS00043_IS00472","TEN0_COM0_000000000000000000_CS00043","IS00472","使用状況",0,0,
,,,,,,,,0,"000000000000","TEN0_COM0_0000000000_CS00043_IS00473","TEN0_COM0_000000000000000000_CS00043","IS00473","付与数",0,0,
,,,,,,,,0,"000000000000","TEN0_COM0_0000000000_CS00043_IS00474","TEN0_COM0_000000000000000000_CS00043","IS00474","付与日数",0,0,
,,,,,,,,0,"000000000000","TEN0_COM0_0000000000_CS00043_IS00475","TEN0_COM0_000000000000000000_CS00043","IS00475","付与時間",0,0,
,,,,,,,,0,"000000000000","TEN0_COM0_0000000000_CS00043_IS00476","TEN0_COM0_000000000000000000_CS00043","IS00476","使用数",0,0,
,,,,,,,,0,"000000000000","TEN0_COM0_0000000000_CS00043_IS00477","TEN0_COM0_000000000000000000_CS00043","IS00477","使用日数",0,0,
,,,,,,,,0,"000000000000","TEN0_COM0_0000000000_CS00043_IS00478","TEN0_COM0_000000000000000000_CS00043","IS00478","使用時間",0,0,
,,,,,,,,0,"000000000000","TEN0_COM0_0000000000_CS00043_IS00479","TEN0_COM0_000000000000000000_CS00043","IS00479","上限超過消滅日数",0,0,
,,,,,,,,0,"000000000000","TEN0_COM0_0000000000_CS00043_IS00480","TEN0_COM0_000000000000000000_CS00043","IS00480","上限超過消滅時間",0,0,
,,,,,,,,0,"000000000000","TEN0_COM0_0000000000_CS00043_IS00481","TEN0_COM0_000000000000000000_CS00043","IS00481","残数",0,0,
,,,,,,,,0,"000000000000","TEN0_COM0_0000000000_CS00043_IS00482","TEN0_COM0_000000000000000000_CS00043","IS00482","残日数",0,0,
,,,,,,,,0,"000000000000","TEN0_COM0_0000000000_CS00043_IS00483","TEN0_COM0_000000000000000000_CS00043","IS00483","残時間",0,0,
,,,,,,,,0,"000000000000","TEN0_COM0_0000000000_CS00044_IS00484","TEN0_COM0_000000000000000000_CS00044","IS00484","付与日",0,0,
,,,,,,,,0,"000000000000","TEN0_COM0_0000000000_CS00044_IS00485","TEN0_COM0_000000000000000000_CS00044","IS00485","期限日",0,0,
,,,,,,,,0,"000000000000","TEN0_COM0_0000000000_CS00044_IS00486","TEN0_COM0_000000000000000000_CS00044","IS00486","期限切れ状態",0,0,
,,,,,,,,0,"000000000000","TEN0_COM0_0000000000_CS00044_IS00487","TEN0_COM0_000000000000000000_CS00044","IS00487","使用状況",0,0,
,,,,,,,,0,"000000000000","TEN0_COM0_0000000000_CS00044_IS00488","TEN0_COM0_000000000000000000_CS00044","IS00488","付与数",0,0,
,,,,,,,,0,"000000000000","TEN0_COM0_0000000000_CS00044_IS00489","TEN0_COM0_000000000000000000_CS00044","IS00489","付与日数",0,0,
,,,,,,,,0,"000000000000","TEN0_COM0_0000000000_CS00044_IS00490","TEN0_COM0_000000000000000000_CS00044","IS00490","付与時間",0,0,
,,,,,,,,0,"000000000000","TEN0_COM0_0000000000_CS00044_IS00491","TEN0_COM0_000000000000000000_CS00044","IS00491","使用数",0,0,
,,,,,,,,0,"000000000000","TEN0_COM0_0000000000_CS00044_IS00492","TEN0_COM0_000000000000000000_CS00044","IS00492","使用日数",0,0,
,,,,,,,,0,"000000000000","TEN0_COM0_0000000000_CS00044_IS00493","TEN0_COM0_000000000000000000_CS00044","IS00493","使用時間",0,0,
,,,,,,,,0,"000000000000","TEN0_COM0_0000000000_CS00044_IS00494","TEN0_COM0_000000000000000000_CS00044","IS00494","上限超過消滅日数",0,0,
,,,,,,,,0,"000000000000","TEN0_COM0_0000000000_CS00044_IS00495","TEN0_COM0_000000000000000000_CS00044","IS00495","上限超過消滅時間",0,0,
,,,,,,,,0,"000000000000","TEN0_COM0_0000000000_CS00044_IS00496","TEN0_COM0_000000000000000000_CS00044","IS00496","残数",0,0,
,,,,,,,,0,"000000000000","TEN0_COM0_0000000000_CS00044_IS00497","TEN0_COM0_000000000000000000_CS00044","IS00497","残日数",0,0,
,,,,,,,,0,"000000000000","TEN0_COM0_0000000000_CS00044_IS00498","TEN0_COM0_000000000000000000_CS00044","IS00498","残時間",0,0,
,,,,,,,,0,"000000000000","TEN0_COM0_0000000000_CS00045_IS00499","TEN0_COM0_000000000000000000_CS00045","IS00499","付与日",0,0,
,,,,,,,,0,"000000000000","TEN0_COM0_0000000000_CS00045_IS00500","TEN0_COM0_000000000000000000_CS00045","IS00500","期限日",0,0,
,,,,,,,,0,"000000000000","TEN0_COM0_0000000000_CS00045_IS00501","TEN0_COM0_000000000000000000_CS00045","IS00501","期限切れ状態",0,0,
,,,,,,,,0,"000000000000","TEN0_COM0_0000000000_CS00045_IS00502","TEN0_COM0_000000000000000000_CS00045","IS00502","使用状況",0,0,
,,,,,,,,0,"000000000000","TEN0_COM0_0000000000_CS00045_IS00503","TEN0_COM0_000000000000000000_CS00045","IS00503","付与数",0,0,
,,,,,,,,0,"000000000000","TEN0_COM0_0000000000_CS00045_IS00504","TEN0_COM0_000000000000000000_CS00045","IS00504","付与日数",0,0,
,,,,,,,,0,"000000000000","TEN0_COM0_0000000000_CS00045_IS00505","TEN0_COM0_000000000000000000_CS00045","IS00505","付与時間",0,0,
,,,,,,,,0,"000000000000","TEN0_COM0_0000000000_CS00045_IS00506","TEN0_COM0_000000000000000000_CS00045","IS00506","使用数",0,0,
,,,,,,,,0,"000000000000","TEN0_COM0_0000000000_CS00045_IS00507","TEN0_COM0_000000000000000000_CS00045","IS00507","使用日数",0,0,
,,,,,,,,0,"000000000000","TEN0_COM0_0000000000_CS00045_IS00508","TEN0_COM0_000000000000000000_CS00045","IS00508","使用時間",0,0,
,,,,,,,,0,"000000000000","TEN0_COM0_0000000000_CS00045_IS00509","TEN0_COM0_000000000000000000_CS00045","IS00509","上限超過消滅日数",0,0,
,,,,,,,,0,"000000000000","TEN0_COM0_0000000000_CS00045_IS00510","TEN0_COM0_000000000000000000_CS00045","IS00510","上限超過消滅時間",0,0,
,,,,,,,,0,"000000000000","TEN0_COM0_0000000000_CS00045_IS00511","TEN0_COM0_000000000000000000_CS00045","IS00511","残数",0,0,
,,,,,,,,0,"000000000000","TEN0_COM0_0000000000_CS00045_IS00512","TEN0_COM0_000000000000000000_CS00045","IS00512","残日数",0,0,
,,,,,,,,0,"000000000000","TEN0_COM0_0000000000_CS00045_IS00513","TEN0_COM0_000000000000000000_CS00045","IS00513","残時間",0,0,
,,,,,,,,0,"000000000000","TEN0_COM0_0000000000_CS00046_IS00514","TEN0_COM0_000000000000000000_CS00046","IS00514","付与日",0,0,
,,,,,,,,0,"000000000000","TEN0_COM0_0000000000_CS00046_IS00515","TEN0_COM0_000000000000000000_CS00046","IS00515","期限日",0,0,
,,,,,,,,0,"000000000000","TEN0_COM0_0000000000_CS00046_IS00516","TEN0_COM0_000000000000000000_CS00046","IS00516","期限切れ状態",0,0,
,,,,,,,,0,"000000000000","TEN0_COM0_0000000000_CS00046_IS00517","TEN0_COM0_000000000000000000_CS00046","IS00517","使用状況",0,0,
,,,,,,,,0,"000000000000","TEN0_COM0_0000000000_CS00046_IS00518","TEN0_COM0_000000000000000000_CS00046","IS00518","付与数",0,0,
,,,,,,,,0,"000000000000","TEN0_COM0_0000000000_CS00046_IS00519","TEN0_COM0_000000000000000000_CS00046","IS00519","付与日数",0,0,
,,,,,,,,0,"000000000000","TEN0_COM0_0000000000_CS00046_IS00520","TEN0_COM0_000000000000000000_CS00046","IS00520","付与時間",0,0,
,,,,,,,,0,"000000000000","TEN0_COM0_0000000000_CS00046_IS00521","TEN0_COM0_000000000000000000_CS00046","IS00521","使用数",0,0,
,,,,,,,,0,"000000000000","TEN0_COM0_0000000000_CS00046_IS00522","TEN0_COM0_000000000000000000_CS00046","IS00522","使用日数",0,0,
,,,,,,,,0,"000000000000","TEN0_COM0_0000000000_CS00046_IS00523","TEN0_COM0_000000000000000000_CS00046","IS00523","使用時間",0,0,
,,,,,,,,0,"000000000000","TEN0_COM0_0000000000_CS00046_IS00524","TEN0_COM0_000000000000000000_CS00046","IS00524","上限超過消滅日数",0,0,
,,,,,,,,0,"000000000000","TEN0_COM0_0000000000_CS00046_IS00525","TEN0_COM0_000000000000000000_CS00046","IS00525","上限超過消滅時間",0,0,
,,,,,,,,0,"000000000000","TEN0_COM0_0000000000_CS00046_IS00526","TEN0_COM0_000000000000000000_CS00046","IS00526","残数",0,0,
,,,,,,,,0,"000000000000","TEN0_COM0_0000000000_CS00046_IS00527","TEN0_COM0_000000000000000000_CS00046","IS00527","残日数",0,0,
,,,,,,,,0,"000000000000","TEN0_COM0_0000000000_CS00046_IS00528","TEN0_COM0_000000000000000000_CS00046","IS00528","残時間",0,0,
,,,,,,,,0,"000000000000","TEN0_COM0_0000000000_CS00047_IS00529","TEN0_COM0_000000000000000000_CS00047","IS00529","付与日",0,0,
,,,,,,,,0,"000000000000","TEN0_COM0_0000000000_CS00047_IS00530","TEN0_COM0_000000000000000000_CS00047","IS00530","期限日",0,0,
,,,,,,,,0,"000000000000","TEN0_COM0_0000000000_CS00047_IS00531","TEN0_COM0_000000000000000000_CS00047","IS00531","期限切れ状態",0,0,
,,,,,,,,0,"000000000000","TEN0_COM0_0000000000_CS00047_IS00532","TEN0_COM0_000000000000000000_CS00047","IS00532","使用状況",0,0,
,,,,,,,,0,"000000000000","TEN0_COM0_0000000000_CS00047_IS00533","TEN0_COM0_000000000000000000_CS00047","IS00533","付与数",0,0,
,,,,,,,,0,"000000000000","TEN0_COM0_0000000000_CS00047_IS00534","TEN0_COM0_000000000000000000_CS00047","IS00534","付与日数",0,0,
,,,,,,,,0,"000000000000","TEN0_COM0_0000000000_CS00047_IS00535","TEN0_COM0_000000000000000000_CS00047","IS00535","付与時間",0,0,
,,,,,,,,0,"000000000000","TEN0_COM0_0000000000_CS00047_IS00536","TEN0_COM0_000000000000000000_CS00047","IS00536","使用数",0,0,
,,,,,,,,0,"000000000000","TEN0_COM0_0000000000_CS00047_IS00537","TEN0_COM0_000000000000000000_CS00047","IS00537","使用日数",0,0,
,,,,,,,,0,"000000000000","TEN0_COM0_0000000000_CS00047_IS00538","TEN0_COM0_000000000000000000_CS00047","IS00538","使用時間",0,0,
,,,,,,,,0,"000000000000","TEN0_COM0_0000000000_CS00047_IS00539","TEN0_COM0_000000000000000000_CS00047","IS00539","上限超過消滅日数",0,0,
,,,,,,,,0,"000000000000","TEN0_COM0_0000000000_CS00047_IS00540","TEN0_COM0_000000000000000000_CS00047","IS00540","上限超過消滅時間",0,0,
,,,,,,,,0,"000000000000","TEN0_COM0_0000000000_CS00047_IS00541","TEN0_COM0_000000000000000000_CS00047","IS00541","残数",0,0,
,,,,,,,,0,"000000000000","TEN0_COM0_0000000000_CS00047_IS00542","TEN0_COM0_000000000000000000_CS00047","IS00542","残日数",0,0,
,,,,,,,,0,"000000000000","TEN0_COM0_0000000000_CS00047_IS00543","TEN0_COM0_000000000000000000_CS00047","IS00543","残時間",0,0,
,,,,,,,,0,"000000000000","TEN0_COM0_0000000000_CS00048_IS00544","TEN0_COM0_000000000000000000_CS00048","IS00544","忌引き休暇付与日",0,0,
,,,,,,,,0,"000000000000","TEN0_COM0_0000000000_CS00048_IS00545","TEN0_COM0_000000000000000000_CS00048","IS00545","忌引き休暇期限日",0,0,
,,,,,,,,0,"000000000000","TEN0_COM0_0000000000_CS00048_IS00546","TEN0_COM0_000000000000000000_CS00048","IS00546","忌引き休暇期限切れ状態",0,0,
,,,,,,,,0,"000000000000","TEN0_COM0_0000000000_CS00048_IS00547","TEN0_COM0_000000000000000000_CS00048","IS00547","忌引き休暇使用状況",0,0,
,,,,,,,,0,"000000000000","TEN0_COM0_0000000000_CS00048_IS00548","TEN0_COM0_000000000000000000_CS00048","IS00548","付与数",0,0,
,,,,,,,,0,"000000000000","TEN0_COM0_0000000000_CS00048_IS00549","TEN0_COM0_000000000000000000_CS00048","IS00549","付与日数",0,0,
,,,,,,,,0,"000000000000","TEN0_COM0_0000000000_CS00048_IS00550","TEN0_COM0_000000000000000000_CS00048","IS00550","付与時間",0,0,
,,,,,,,,0,"000000000000","TEN0_COM0_0000000000_CS00048_IS00551","TEN0_COM0_000000000000000000_CS00048","IS00551","使用数",0,0,
,,,,,,,,0,"000000000000","TEN0_COM0_0000000000_CS00048_IS00552","TEN0_COM0_000000000000000000_CS00048","IS00552","使用日数",0,0,
,,,,,,,,0,"000000000000","TEN0_COM0_0000000000_CS00048_IS00553","TEN0_COM0_000000000000000000_CS00048","IS00553","使用時間",0,0,
,,,,,,,,0,"000000000000","TEN0_COM0_0000000000_CS00048_IS00554","TEN0_COM0_000000000000000000_CS00048","IS00554","上限超過消滅日数",0,0,
,,,,,,,,0,"000000000000","TEN0_COM0_0000000000_CS00048_IS00555","TEN0_COM0_000000000000000000_CS00048","IS00555","上限超過消滅時間",0,0,
,,,,,,,,0,"000000000000","TEN0_COM0_0000000000_CS00048_IS00556","TEN0_COM0_000000000000000000_CS00048","IS00556","残数",0,0,
,,,,,,,,0,"000000000000","TEN0_COM0_0000000000_CS00048_IS00557","TEN0_COM0_000000000000000000_CS00048","IS00557","残日数",0,0,
,,,,,,,,0,"000000000000","TEN0_COM0_0000000000_CS00048_IS00558","TEN0_COM0_000000000000000000_CS00048","IS00558","残時間",0,0,
,,,,,,,,0,"000000000000","TEN0_COM0_0000000000_CS00049_IS00559","TEN0_COM0_000000000000000000_CS00049","IS00559","危篤休暇付与基準日",0,1,
,,,,,,,,0,"000000000000","TEN0_COM0_0000000000_CS00049_IS00560","TEN0_COM0_000000000000000000_CS00049","IS00560","危篤休暇管理",0,1,
,,,,,,,,0,"000000000000","TEN0_COM0_0000000000_CS00049_IS00561","TEN0_COM0_000000000000000000_CS00049","IS00561","危篤休暇付与設定",0,1,
,,,,,,,,0,"000000000000","TEN0_COM0_0000000000_CS00049_IS00562","TEN0_COM0_000000000000000000_CS00049","IS00562","危篤休暇付与日数",0,0,
,,,,,,,,0,"000000000000","TEN0_COM0_0000000000_CS00049_IS00563","TEN0_COM0_000000000000000000_CS00049","IS00563","危篤休暇付与テーブル",0,0,
,,,,,,,,0,"000000000000","TEN0_COM0_0000000000_CS00049_IS00564","TEN0_COM0_000000000000000000_CS00049","IS00564","危篤休暇次回付与日",0,0,
,,,,,,,,0,"000000000000","TEN0_COM0_0000000000_CS00049_IS00565","TEN0_COM0_000000000000000000_CS00049","IS00565","危篤休暇残数",0,0,
,,,,,,,,0,"000000000000","TEN0_COM0_0000000000_CS00050_IS00566","TEN0_COM0_000000000000000000_CS00050","IS00566","特別休暇付与基準日",0,1,
,,,,,,,,0,"000000000000","TEN0_COM0_0000000000_CS00050_IS00567","TEN0_COM0_000000000000000000_CS00050","IS00567","特別休暇管理",0,1,
,,,,,,,,0,"000000000000","TEN0_COM0_0000000000_CS00050_IS00568","TEN0_COM0_000000000000000000_CS00050","IS00568","付与設定",0,1,
,,,,,,,,0,"000000000000","TEN0_COM0_0000000000_CS00050_IS00569","TEN0_COM0_000000000000000000_CS00050","IS00569","付与日数",0,0,
,,,,,,,,0,"000000000000","TEN0_COM0_0000000000_CS00050_IS00570","TEN0_COM0_000000000000000000_CS00050","IS00570","付与テーブル",0,0,
,,,,,,,,0,"000000000000","TEN0_COM0_0000000000_CS00050_IS00571","TEN0_COM0_000000000000000000_CS00050","IS00571","次回付与日",0,0,
,,,,,,,,0,"000000000000","TEN0_COM0_0000000000_CS00050_IS00572","TEN0_COM0_000000000000000000_CS00050","IS00572","特別休暇残数",0,0,
,,,,,,,,0,"000000000000","TEN0_COM0_0000000000_CS00051_IS00573","TEN0_COM0_000000000000000000_CS00051","IS00573","特別休暇付与基準日",0,1,
,,,,,,,,0,"000000000000","TEN0_COM0_0000000000_CS00051_IS00574","TEN0_COM0_000000000000000000_CS00051","IS00574","特別休暇管理",0,1,
,,,,,,,,0,"000000000000","TEN0_COM0_0000000000_CS00051_IS00575","TEN0_COM0_000000000000000000_CS00051","IS00575","付与設定",0,1,
,,,,,,,,0,"000000000000","TEN0_COM0_0000000000_CS00051_IS00576","TEN0_COM0_000000000000000000_CS00051","IS00576","付与日数",0,0,
,,,,,,,,0,"000000000000","TEN0_COM0_0000000000_CS00051_IS00577","TEN0_COM0_000000000000000000_CS00051","IS00577","付与テーブル",0,0,
,,,,,,,,0,"000000000000","TEN0_COM0_0000000000_CS00051_IS00578","TEN0_COM0_000000000000000000_CS00051","IS00578","次回付与日",0,0,
,,,,,,,,0,"000000000000","TEN0_COM0_0000000000_CS00051_IS00579","TEN0_COM0_000000000000000000_CS00051","IS00579","特別休暇残数",0,0,
,,,,,,,,0,"000000000000","TEN0_COM0_0000000000_CS00052_IS00580","TEN0_COM0_000000000000000000_CS00052","IS00580","特別休暇付与基準日",0,1,
,,,,,,,,0,"000000000000","TEN0_COM0_0000000000_CS00052_IS00581","TEN0_COM0_000000000000000000_CS00052","IS00581","特別休暇管理",0,1,
,,,,,,,,0,"000000000000","TEN0_COM0_0000000000_CS00052_IS00582","TEN0_COM0_000000000000000000_CS00052","IS00582","付与設定",0,1,
,,,,,,,,0,"000000000000","TEN0_COM0_0000000000_CS00052_IS00583","TEN0_COM0_000000000000000000_CS00052","IS00583","付与日数",0,0,
,,,,,,,,0,"000000000000","TEN0_COM0_0000000000_CS00052_IS00584","TEN0_COM0_000000000000000000_CS00052","IS00584","付与テーブル",0,0,
,,,,,,,,0,"000000000000","TEN0_COM0_0000000000_CS00052_IS00585","TEN0_COM0_000000000000000000_CS00052","IS00585","次回付与日",0,0,
,,,,,,,,0,"000000000000","TEN0_COM0_0000000000_CS00052_IS00586","TEN0_COM0_000000000000000000_CS00052","IS00586","特別休暇残数",0,0,
,,,,,,,,0,"000000000000","TEN0_COM0_0000000000_CS00053_IS00587","TEN0_COM0_000000000000000000_CS00053","IS00587","特別休暇付与基準日",0,1,
,,,,,,,,0,"000000000000","TEN0_COM0_0000000000_CS00053_IS00588","TEN0_COM0_000000000000000000_CS00053","IS00588","特別休暇管理",0,1,
,,,,,,,,0,"000000000000","TEN0_COM0_0000000000_CS00053_IS00589","TEN0_COM0_000000000000000000_CS00053","IS00589","付与設定",0,1,
,,,,,,,,0,"000000000000","TEN0_COM0_0000000000_CS00053_IS00590","TEN0_COM0_000000000000000000_CS00053","IS00590","付与日数",0,0,
,,,,,,,,0,"000000000000","TEN0_COM0_0000000000_CS00053_IS00591","TEN0_COM0_000000000000000000_CS00053","IS00591","付与テーブル",0,0,
,,,,,,,,0,"000000000000","TEN0_COM0_0000000000_CS00053_IS00592","TEN0_COM0_000000000000000000_CS00053","IS00592","次回付与日",0,0,
,,,,,,,,0,"000000000000","TEN0_COM0_0000000000_CS00053_IS00593","TEN0_COM0_000000000000000000_CS00053","IS00593","特別休暇残数",0,0,
,,,,,,,,0,"000000000000","TEN0_COM0_0000000000_CS00054_IS00594","TEN0_COM0_000000000000000000_CS00054","IS00594","特別休暇付与基準日",0,1,
,,,,,,,,0,"000000000000","TEN0_COM0_0000000000_CS00054_IS00595","TEN0_COM0_000000000000000000_CS00054","IS00595","特別休暇管理",0,1,
,,,,,,,,0,"000000000000","TEN0_COM0_0000000000_CS00054_IS00596","TEN0_COM0_000000000000000000_CS00054","IS00596","付与設定",0,1,
,,,,,,,,0,"000000000000","TEN0_COM0_0000000000_CS00054_IS00597","TEN0_COM0_000000000000000000_CS00054","IS00597","付与日数",0,0,
,,,,,,,,0,"000000000000","TEN0_COM0_0000000000_CS00054_IS00598","TEN0_COM0_000000000000000000_CS00054","IS00598","付与テーブル",0,0,
,,,,,,,,0,"000000000000","TEN0_COM0_0000000000_CS00054_IS00599","TEN0_COM0_000000000000000000_CS00054","IS00599","次回付与日",0,0,
,,,,,,,,0,"000000000000","TEN0_COM0_0000000000_CS00054_IS00600","TEN0_COM0_000000000000000000_CS00054","IS00600","特別休暇残数",0,0,
,,,,,,,,0,"000000000000","TEN0_COM0_0000000000_CS00055_IS00601","TEN0_COM0_000000000000000000_CS00055","IS00601","特別休暇付与基準日",0,1,
,,,,,,,,0,"000000000000","TEN0_COM0_0000000000_CS00055_IS00602","TEN0_COM0_000000000000000000_CS00055","IS00602","特別休暇管理",0,1,
,,,,,,,,0,"000000000000","TEN0_COM0_0000000000_CS00055_IS00603","TEN0_COM0_000000000000000000_CS00055","IS00603","付与設定",0,1,
,,,,,,,,0,"000000000000","TEN0_COM0_0000000000_CS00055_IS00604","TEN0_COM0_000000000000000000_CS00055","IS00604","付与日数",0,0,
,,,,,,,,0,"000000000000","TEN0_COM0_0000000000_CS00055_IS00605","TEN0_COM0_000000000000000000_CS00055","IS00605","付与テーブル",0,0,
,,,,,,,,0,"000000000000","TEN0_COM0_0000000000_CS00055_IS00606","TEN0_COM0_000000000000000000_CS00055","IS00606","次回付与日",0,0,
,,,,,,,,0,"000000000000","TEN0_COM0_0000000000_CS00055_IS00607","TEN0_COM0_000000000000000000_CS00055","IS00607","特別休暇残数",0,0,
,,,,,,,,0,"000000000000","TEN0_COM0_0000000000_CS00056_IS00608","TEN0_COM0_000000000000000000_CS00056","IS00608","特別休暇付与基準日",0,1,
,,,,,,,,0,"000000000000","TEN0_COM0_0000000000_CS00056_IS00609","TEN0_COM0_000000000000000000_CS00056","IS00609","特別休暇管理",0,1,
,,,,,,,,0,"000000000000","TEN0_COM0_0000000000_CS00056_IS00610","TEN0_COM0_000000000000000000_CS00056","IS00610","付与設定",0,1,
,,,,,,,,0,"000000000000","TEN0_COM0_0000000000_CS00056_IS00611","TEN0_COM0_000000000000000000_CS00056","IS00611","付与日数",0,0,
,,,,,,,,0,"000000000000","TEN0_COM0_0000000000_CS00056_IS00612","TEN0_COM0_000000000000000000_CS00056","IS00612","付与テーブル",0,0,
,,,,,,,,0,"000000000000","TEN0_COM0_0000000000_CS00056_IS00613","TEN0_COM0_000000000000000000_CS00056","IS00613","次回付与日",0,0,
,,,,,,,,0,"000000000000","TEN0_COM0_0000000000_CS00056_IS00614","TEN0_COM0_000000000000000000_CS00056","IS00614","特別休暇残数",0,0,
,,,,,,,,0,"000000000000","TEN0_COM0_0000000000_CS00057_IS00615","TEN0_COM0_000000000000000000_CS00057","IS00615","人間ドック付与基準日",0,1,
,,,,,,,,0,"000000000000","TEN0_COM0_0000000000_CS00057_IS00616","TEN0_COM0_000000000000000000_CS00057","IS00616","人間ドック管理",0,1,
,,,,,,,,0,"000000000000","TEN0_COM0_0000000000_CS00057_IS00617","TEN0_COM0_000000000000000000_CS00057","IS00617","人間ドック付与設定",0,1,
,,,,,,,,0,"000000000000","TEN0_COM0_0000000000_CS00057_IS00618","TEN0_COM0_000000000000000000_CS00057","IS00618","人間ドック付与日数",0,0,
,,,,,,,,0,"000000000000","TEN0_COM0_0000000000_CS00057_IS00619","TEN0_COM0_000000000000000000_CS00057","IS00619","人間ドック付与テーブル",0,0,
,,,,,,,,0,"000000000000","TEN0_COM0_0000000000_CS00057_IS00620","TEN0_COM0_000000000000000000_CS00057","IS00620","人間ドック次回付与日",0,0,
,,,,,,,,0,"000000000000","TEN0_COM0_0000000000_CS00057_IS00621","TEN0_COM0_000000000000000000_CS00057","IS00621","人間ドック残数",0,0,
,,,,,,,,0,"000000000000","TEN0_COM0_0000000000_CS00058_IS00622","TEN0_COM0_000000000000000000_CS00058","IS00622","結婚休暇付与基準日",0,1,
,,,,,,,,0,"000000000000","TEN0_COM0_0000000000_CS00058_IS00623","TEN0_COM0_000000000000000000_CS00058","IS00623","結婚休暇管理",0,1,
,,,,,,,,0,"000000000000","TEN0_COM0_0000000000_CS00058_IS00624","TEN0_COM0_000000000000000000_CS00058","IS00624","結婚休暇付与設定",0,1,
,,,,,,,,0,"000000000000","TEN0_COM0_0000000000_CS00058_IS00625","TEN0_COM0_000000000000000000_CS00058","IS00625","結婚休暇付与日数",0,0,
,,,,,,,,0,"000000000000","TEN0_COM0_0000000000_CS00058_IS00626","TEN0_COM0_000000000000000000_CS00058","IS00626","結婚休暇付与テーブル",0,0,
,,,,,,,,0,"000000000000","TEN0_COM0_0000000000_CS00058_IS00627","TEN0_COM0_000000000000000000_CS00058","IS00627","結婚休暇次回付与日",0,0,
,,,,,,,,0,"000000000000","TEN0_COM0_0000000000_CS00058_IS00628","TEN0_COM0_000000000000000000_CS00058","IS00628","結婚休暇残数",0,0,
,,,,,,,,0,"000000000000","TEN0_COM0_0000000000_CS00059_IS00629","TEN0_COM0_000000000000000000_CS00059","IS00629","危篤休暇付与日",0,0,
,,,,,,,,0,"000000000000","TEN0_COM0_0000000000_CS00059_IS00630","TEN0_COM0_000000000000000000_CS00059","IS00630","危篤休暇期限日",0,0,
,,,,,,,,0,"000000000000","TEN0_COM0_0000000000_CS00059_IS00631","TEN0_COM0_000000000000000000_CS00059","IS00631","危篤休暇期限切れ状態",0,0,
,,,,,,,,0,"000000000000","TEN0_COM0_0000000000_CS00059_IS00632","TEN0_COM0_000000000000000000_CS00059","IS00632","危篤休暇使用状況",0,0,
,,,,,,,,0,"000000000000","TEN0_COM0_0000000000_CS00059_IS00633","TEN0_COM0_000000000000000000_CS00059","IS00633","付与数",0,0,
,,,,,,,,0,"000000000000","TEN0_COM0_0000000000_CS00059_IS00634","TEN0_COM0_000000000000000000_CS00059","IS00634","付与日数",0,0,
,,,,,,,,0,"000000000000","TEN0_COM0_0000000000_CS00059_IS00635","TEN0_COM0_000000000000000000_CS00059","IS00635","付与時間",0,0,
,,,,,,,,0,"000000000000","TEN0_COM0_0000000000_CS00059_IS00636","TEN0_COM0_000000000000000000_CS00059","IS00636","使用数",0,0,
,,,,,,,,0,"000000000000","TEN0_COM0_0000000000_CS00059_IS00637","TEN0_COM0_000000000000000000_CS00059","IS00637","使用日数",0,0,
,,,,,,,,0,"000000000000","TEN0_COM0_0000000000_CS00059_IS00638","TEN0_COM0_000000000000000000_CS00059","IS00638","使用時間",0,0,
,,,,,,,,0,"000000000000","TEN0_COM0_0000000000_CS00059_IS00639","TEN0_COM0_000000000000000000_CS00059","IS00639","上限超過消滅日数",0,0,
,,,,,,,,0,"000000000000","TEN0_COM0_0000000000_CS00059_IS00640","TEN0_COM0_000000000000000000_CS00059","IS00640","上限超過消滅時間",0,0,
,,,,,,,,0,"000000000000","TEN0_COM0_0000000000_CS00059_IS00641","TEN0_COM0_000000000000000000_CS00059","IS00641","残数",0,0,
,,,,,,,,0,"000000000000","TEN0_COM0_0000000000_CS00059_IS00642","TEN0_COM0_000000000000000000_CS00059","IS00642","残日数",0,0,
,,,,,,,,0,"000000000000","TEN0_COM0_0000000000_CS00059_IS00643","TEN0_COM0_000000000000000000_CS00059","IS00643","残時間",0,0,
,,,,,,,,0,"000000000000","TEN0_COM0_0000000000_CS00060_IS00644","TEN0_COM0_000000000000000000_CS00060","IS00644","付与日",0,0,
,,,,,,,,0,"000000000000","TEN0_COM0_0000000000_CS00060_IS00645","TEN0_COM0_000000000000000000_CS00060","IS00645","期限日",0,0,
,,,,,,,,0,"000000000000","TEN0_COM0_0000000000_CS00060_IS00646","TEN0_COM0_000000000000000000_CS00060","IS00646","期限切れ状態",0,0,
,,,,,,,,0,"000000000000","TEN0_COM0_0000000000_CS00060_IS00647","TEN0_COM0_000000000000000000_CS00060","IS00647","使用状況",0,0,
,,,,,,,,0,"000000000000","TEN0_COM0_0000000000_CS00060_IS00648","TEN0_COM0_000000000000000000_CS00060","IS00648","付与数",0,0,
,,,,,,,,0,"000000000000","TEN0_COM0_0000000000_CS00060_IS00649","TEN0_COM0_000000000000000000_CS00060","IS00649","付与日数",0,0,
,,,,,,,,0,"000000000000","TEN0_COM0_0000000000_CS00060_IS00650","TEN0_COM0_000000000000000000_CS00060","IS00650","付与時間",0,0,
,,,,,,,,0,"000000000000","TEN0_COM0_0000000000_CS00060_IS00651","TEN0_COM0_000000000000000000_CS00060","IS00651","使用数",0,0,
,,,,,,,,0,"000000000000","TEN0_COM0_0000000000_CS00060_IS00652","TEN0_COM0_000000000000000000_CS00060","IS00652","使用日数",0,0,
,,,,,,,,0,"000000000000","TEN0_COM0_0000000000_CS00060_IS00653","TEN0_COM0_000000000000000000_CS00060","IS00653","使用時間",0,0,
,,,,,,,,0,"000000000000","TEN0_COM0_0000000000_CS00060_IS00654","TEN0_COM0_000000000000000000_CS00060","IS00654","上限超過消滅日数",0,0,
,,,,,,,,0,"000000000000","TEN0_COM0_0000000000_CS00060_IS00655","TEN0_COM0_000000000000000000_CS00060","IS00655","上限超過消滅時間",0,0,
,,,,,,,,0,"000000000000","TEN0_COM0_0000000000_CS00060_IS00656","TEN0_COM0_000000000000000000_CS00060","IS00656","残数",0,0,
,,,,,,,,0,"000000000000","TEN0_COM0_0000000000_CS00060_IS00657","TEN0_COM0_000000000000000000_CS00060","IS00657","残日数",0,0,
,,,,,,,,0,"000000000000","TEN0_COM0_0000000000_CS00060_IS00658","TEN0_COM0_000000000000000000_CS00060","IS00658","残時間",0,0,
,,,,,,,,0,"000000000000","TEN0_COM0_0000000000_CS00061_IS00659","TEN0_COM0_000000000000000000_CS00061","IS00659","付与日",0,0,
,,,,,,,,0,"000000000000","TEN0_COM0_0000000000_CS00061_IS00660","TEN0_COM0_000000000000000000_CS00061","IS00660","期限日",0,0,
,,,,,,,,0,"000000000000","TEN0_COM0_0000000000_CS00061_IS00661","TEN0_COM0_000000000000000000_CS00061","IS00661","期限切れ状態",0,0,
,,,,,,,,0,"000000000000","TEN0_COM0_0000000000_CS00061_IS00662","TEN0_COM0_000000000000000000_CS00061","IS00662","使用状況",0,0,
,,,,,,,,0,"000000000000","TEN0_COM0_0000000000_CS00061_IS00663","TEN0_COM0_000000000000000000_CS00061","IS00663","付与数",0,0,
,,,,,,,,0,"000000000000","TEN0_COM0_0000000000_CS00061_IS00664","TEN0_COM0_000000000000000000_CS00061","IS00664","付与日数",0,0,
,,,,,,,,0,"000000000000","TEN0_COM0_0000000000_CS00061_IS00665","TEN0_COM0_000000000000000000_CS00061","IS00665","付与時間",0,0,
,,,,,,,,0,"000000000000","TEN0_COM0_0000000000_CS00061_IS00666","TEN0_COM0_000000000000000000_CS00061","IS00666","使用数",0,0,
,,,,,,,,0,"000000000000","TEN0_COM0_0000000000_CS00061_IS00667","TEN0_COM0_000000000000000000_CS00061","IS00667","使用日数",0,0,
,,,,,,,,0,"000000000000","TEN0_COM0_0000000000_CS00061_IS00668","TEN0_COM0_000000000000000000_CS00061","IS00668","使用時間",0,0,
,,,,,,,,0,"000000000000","TEN0_COM0_0000000000_CS00061_IS00669","TEN0_COM0_000000000000000000_CS00061","IS00669","上限超過消滅日数",0,0,
,,,,,,,,0,"000000000000","TEN0_COM0_0000000000_CS00061_IS00670","TEN0_COM0_000000000000000000_CS00061","IS00670","上限超過消滅時間",0,0,
,,,,,,,,0,"000000000000","TEN0_COM0_0000000000_CS00061_IS00671","TEN0_COM0_000000000000000000_CS00061","IS00671","残数",0,0,
,,,,,,,,0,"000000000000","TEN0_COM0_0000000000_CS00061_IS00672","TEN0_COM0_000000000000000000_CS00061","IS00672","残日数",0,0,
,,,,,,,,0,"000000000000","TEN0_COM0_0000000000_CS00061_IS00673","TEN0_COM0_000000000000000000_CS00061","IS00673","残時間",0,0,
,,,,,,,,0,"000000000000","TEN0_COM0_0000000000_CS00062_IS00674","TEN0_COM0_000000000000000000_CS00062","IS00674","付与日",0,0,
,,,,,,,,0,"000000000000","TEN0_COM0_0000000000_CS00062_IS00675","TEN0_COM0_000000000000000000_CS00062","IS00675","期限日",0,0,
,,,,,,,,0,"000000000000","TEN0_COM0_0000000000_CS00062_IS00676","TEN0_COM0_000000000000000000_CS00062","IS00676","期限切れ状態",0,0,
,,,,,,,,0,"000000000000","TEN0_COM0_0000000000_CS00062_IS00677","TEN0_COM0_000000000000000000_CS00062","IS00677","使用状況",0,0,
,,,,,,,,0,"000000000000","TEN0_COM0_0000000000_CS00062_IS00678","TEN0_COM0_000000000000000000_CS00062","IS00678","付与数",0,0,
,,,,,,,,0,"000000000000","TEN0_COM0_0000000000_CS00062_IS00679","TEN0_COM0_000000000000000000_CS00062","IS00679","付与日数",0,0,
,,,,,,,,0,"000000000000","TEN0_COM0_0000000000_CS00062_IS00680","TEN0_COM0_000000000000000000_CS00062","IS00680","付与時間",0,0,
,,,,,,,,0,"000000000000","TEN0_COM0_0000000000_CS00062_IS00681","TEN0_COM0_000000000000000000_CS00062","IS00681","使用数",0,0,
,,,,,,,,0,"000000000000","TEN0_COM0_0000000000_CS00062_IS00682","TEN0_COM0_000000000000000000_CS00062","IS00682","使用日数",0,0,
,,,,,,,,0,"000000000000","TEN0_COM0_0000000000_CS00062_IS00683","TEN0_COM0_000000000000000000_CS00062","IS00683","使用時間",0,0,
,,,,,,,,0,"000000000000","TEN0_COM0_0000000000_CS00062_IS00684","TEN0_COM0_000000000000000000_CS00062","IS00684","上限超過消滅日数",0,0,
,,,,,,,,0,"000000000000","TEN0_COM0_0000000000_CS00062_IS00685","TEN0_COM0_000000000000000000_CS00062","IS00685","上限超過消滅時間",0,0,
,,,,,,,,0,"000000000000","TEN0_COM0_0000000000_CS00062_IS00686","TEN0_COM0_000000000000000000_CS00062","IS00686","残数",0,0,
,,,,,,,,0,"000000000000","TEN0_COM0_0000000000_CS00062_IS00687","TEN0_COM0_000000000000000000_CS00062","IS00687","残日数",0,0,
,,,,,,,,0,"000000000000","TEN0_COM0_0000000000_CS00062_IS00688","TEN0_COM0_000000000000000000_CS00062","IS00688","残時間",0,0,
,,,,,,,,0,"000000000000","TEN0_COM0_0000000000_CS00063_IS00689","TEN0_COM0_000000000000000000_CS00063","IS00689","付与日",0,0,
,,,,,,,,0,"000000000000","TEN0_COM0_0000000000_CS00063_IS00690","TEN0_COM0_000000000000000000_CS00063","IS00690","期限日",0,0,
,,,,,,,,0,"000000000000","TEN0_COM0_0000000000_CS00063_IS00691","TEN0_COM0_000000000000000000_CS00063","IS00691","期限切れ状態",0,0,
,,,,,,,,0,"000000000000","TEN0_COM0_0000000000_CS00063_IS00692","TEN0_COM0_000000000000000000_CS00063","IS00692","使用状況",0,0,
,,,,,,,,0,"000000000000","TEN0_COM0_0000000000_CS00063_IS00693","TEN0_COM0_000000000000000000_CS00063","IS00693","付与数",0,0,
,,,,,,,,0,"000000000000","TEN0_COM0_0000000000_CS00063_IS00694","TEN0_COM0_000000000000000000_CS00063","IS00694","付与日数",0,0,
,,,,,,,,0,"000000000000","TEN0_COM0_0000000000_CS00063_IS00695","TEN0_COM0_000000000000000000_CS00063","IS00695","付与時間",0,0,
,,,,,,,,0,"000000000000","TEN0_COM0_0000000000_CS00063_IS00696","TEN0_COM0_000000000000000000_CS00063","IS00696","使用数",0,0,
,,,,,,,,0,"000000000000","TEN0_COM0_0000000000_CS00063_IS00697","TEN0_COM0_000000000000000000_CS00063","IS00697","使用日数",0,0,
,,,,,,,,0,"000000000000","TEN0_COM0_0000000000_CS00063_IS00698","TEN0_COM0_000000000000000000_CS00063","IS00698","使用時間",0,0,
,,,,,,,,0,"000000000000","TEN0_COM0_0000000000_CS00063_IS00699","TEN0_COM0_000000000000000000_CS00063","IS00699","上限超過消滅日数",0,0,
,,,,,,,,0,"000000000000","TEN0_COM0_0000000000_CS00063_IS00700","TEN0_COM0_000000000000000000_CS00063","IS00700","上限超過消滅時間",0,0,
,,,,,,,,0,"000000000000","TEN0_COM0_0000000000_CS00063_IS00701","TEN0_COM0_000000000000000000_CS00063","IS00701","残数",0,0,
,,,,,,,,0,"000000000000","TEN0_COM0_0000000000_CS00063_IS00702","TEN0_COM0_000000000000000000_CS00063","IS00702","残日数",0,0,
,,,,,,,,0,"000000000000","TEN0_COM0_0000000000_CS00063_IS00703","TEN0_COM0_000000000000000000_CS00063","IS00703","残時間",0,0,
,,,,,,,,0,"000000000000","TEN0_COM0_0000000000_CS00064_IS00704","TEN0_COM0_000000000000000000_CS00064","IS00704","付与日",0,0,
,,,,,,,,0,"000000000000","TEN0_COM0_0000000000_CS00064_IS00705","TEN0_COM0_000000000000000000_CS00064","IS00705","期限日",0,0,
,,,,,,,,0,"000000000000","TEN0_COM0_0000000000_CS00064_IS00706","TEN0_COM0_000000000000000000_CS00064","IS00706","期限切れ状態",0,0,
,,,,,,,,0,"000000000000","TEN0_COM0_0000000000_CS00064_IS00707","TEN0_COM0_000000000000000000_CS00064","IS00707","使用状況",0,0,
,,,,,,,,0,"000000000000","TEN0_COM0_0000000000_CS00064_IS00708","TEN0_COM0_000000000000000000_CS00064","IS00708","付与数",0,0,
,,,,,,,,0,"000000000000","TEN0_COM0_0000000000_CS00064_IS00709","TEN0_COM0_000000000000000000_CS00064","IS00709","付与日数",0,0,
,,,,,,,,0,"000000000000","TEN0_COM0_0000000000_CS00064_IS00710","TEN0_COM0_000000000000000000_CS00064","IS00710","付与時間",0,0,
,,,,,,,,0,"000000000000","TEN0_COM0_0000000000_CS00064_IS00711","TEN0_COM0_000000000000000000_CS00064","IS00711","使用数",0,0,
,,,,,,,,0,"000000000000","TEN0_COM0_0000000000_CS00064_IS00712","TEN0_COM0_000000000000000000_CS00064","IS00712","使用日数",0,0,
,,,,,,,,0,"000000000000","TEN0_COM0_0000000000_CS00064_IS00713","TEN0_COM0_000000000000000000_CS00064","IS00713","使用時間",0,0,
,,,,,,,,0,"000000000000","TEN0_COM0_0000000000_CS00064_IS00714","TEN0_COM0_000000000000000000_CS00064","IS00714","上限超過消滅日数",0,0,
,,,,,,,,0,"000000000000","TEN0_COM0_0000000000_CS00064_IS00715","TEN0_COM0_000000000000000000_CS00064","IS00715","上限超過消滅時間",0,0,
,,,,,,,,0,"000000000000","TEN0_COM0_0000000000_CS00064_IS00716","TEN0_COM0_000000000000000000_CS00064","IS00716","残数",0,0,
,,,,,,,,0,"000000000000","TEN0_COM0_0000000000_CS00064_IS00717","TEN0_COM0_000000000000000000_CS00064","IS00717","残日数",0,0,
,,,,,,,,0,"000000000000","TEN0_COM0_0000000000_CS00064_IS00718","TEN0_COM0_000000000000000000_CS00064","IS00718","残時間",0,0,
,,,,,,,,0,"000000000000","TEN0_COM0_0000000000_CS00065_IS00719","TEN0_COM0_000000000000000000_CS00065","IS00719","付与日",0,0,
,,,,,,,,0,"000000000000","TEN0_COM0_0000000000_CS00065_IS00720","TEN0_COM0_000000000000000000_CS00065","IS00720","期限日",0,0,
,,,,,,,,0,"000000000000","TEN0_COM0_0000000000_CS00065_IS00721","TEN0_COM0_000000000000000000_CS00065","IS00721","期限切れ状態",0,0,
,,,,,,,,0,"000000000000","TEN0_COM0_0000000000_CS00065_IS00722","TEN0_COM0_000000000000000000_CS00065","IS00722","使用状況",0,0,
,,,,,,,,0,"000000000000","TEN0_COM0_0000000000_CS00065_IS00723","TEN0_COM0_000000000000000000_CS00065","IS00723","付与数",0,0,
,,,,,,,,0,"000000000000","TEN0_COM0_0000000000_CS00065_IS00724","TEN0_COM0_000000000000000000_CS00065","IS00724","付与日数",0,0,
,,,,,,,,0,"000000000000","TEN0_COM0_0000000000_CS00065_IS00725","TEN0_COM0_000000000000000000_CS00065","IS00725","付与時間",0,0,
,,,,,,,,0,"000000000000","TEN0_COM0_0000000000_CS00065_IS00726","TEN0_COM0_000000000000000000_CS00065","IS00726","使用数",0,0,
,,,,,,,,0,"000000000000","TEN0_COM0_0000000000_CS00065_IS00727","TEN0_COM0_000000000000000000_CS00065","IS00727","使用日数",0,0,
,,,,,,,,0,"000000000000","TEN0_COM0_0000000000_CS00065_IS00728","TEN0_COM0_000000000000000000_CS00065","IS00728","使用時間",0,0,
,,,,,,,,0,"000000000000","TEN0_COM0_0000000000_CS00065_IS00729","TEN0_COM0_000000000000000000_CS00065","IS00729","上限超過消滅日数",0,0,
,,,,,,,,0,"000000000000","TEN0_COM0_0000000000_CS00065_IS00730","TEN0_COM0_000000000000000000_CS00065","IS00730","上限超過消滅時間",0,0,
,,,,,,,,0,"000000000000","TEN0_COM0_0000000000_CS00065_IS00731","TEN0_COM0_000000000000000000_CS00065","IS00731","残数",0,0,
,,,,,,,,0,"000000000000","TEN0_COM0_0000000000_CS00065_IS00732","TEN0_COM0_000000000000000000_CS00065","IS00732","残日数",0,0,
,,,,,,,,0,"000000000000","TEN0_COM0_0000000000_CS00065_IS00733","TEN0_COM0_000000000000000000_CS00065","IS00733","残時間",0,0,
,,,,,,,,0,"000000000000","TEN0_COM0_0000000000_CS00066_IS00734","TEN0_COM0_000000000000000000_CS00066","IS00734","付与日",0,0,
,,,,,,,,0,"000000000000","TEN0_COM0_0000000000_CS00066_IS00735","TEN0_COM0_000000000000000000_CS00066","IS00735","期限日",0,0,
,,,,,,,,0,"000000000000","TEN0_COM0_0000000000_CS00066_IS00736","TEN0_COM0_000000000000000000_CS00066","IS00736","期限切れ状態",0,0,
,,,,,,,,0,"000000000000","TEN0_COM0_0000000000_CS00066_IS00737","TEN0_COM0_000000000000000000_CS00066","IS00737","使用状況",0,0,
,,,,,,,,0,"000000000000","TEN0_COM0_0000000000_CS00066_IS00738","TEN0_COM0_000000000000000000_CS00066","IS00738","付与数",0,0,
,,,,,,,,0,"000000000000","TEN0_COM0_0000000000_CS00066_IS00739","TEN0_COM0_000000000000000000_CS00066","IS00739","付与日数",0,0,
,,,,,,,,0,"000000000000","TEN0_COM0_0000000000_CS00066_IS00740","TEN0_COM0_000000000000000000_CS00066","IS00740","付与時間",0,0,
,,,,,,,,0,"000000000000","TEN0_COM0_0000000000_CS00066_IS00741","TEN0_COM0_000000000000000000_CS00066","IS00741","使用数",0,0,
,,,,,,,,0,"000000000000","TEN0_COM0_0000000000_CS00066_IS00742","TEN0_COM0_000000000000000000_CS00066","IS00742","使用日数",0,0,
,,,,,,,,0,"000000000000","TEN0_COM0_0000000000_CS00066_IS00743","TEN0_COM0_000000000000000000_CS00066","IS00743","使用時間",0,0,
,,,,,,,,0,"000000000000","TEN0_COM0_0000000000_CS00066_IS00744","TEN0_COM0_000000000000000000_CS00066","IS00744","上限超過消滅日数",0,0,
,,,,,,,,0,"000000000000","TEN0_COM0_0000000000_CS00066_IS00745","TEN0_COM0_000000000000000000_CS00066","IS00745","上限超過消滅時間",0,0,
,,,,,,,,0,"000000000000","TEN0_COM0_0000000000_CS00066_IS00746","TEN0_COM0_000000000000000000_CS00066","IS00746","残数",0,0,
,,,,,,,,0,"000000000000","TEN0_COM0_0000000000_CS00066_IS00747","TEN0_COM0_000000000000000000_CS00066","IS00747","残日数",0,0,
,,,,,,,,0,"000000000000","TEN0_COM0_0000000000_CS00066_IS00748","TEN0_COM0_000000000000000000_CS00066","IS00748","残時間",0,0,
,,,,,,,,0,"000000000000","TEN0_COM0_0000000000_CS00067_IS00749","TEN0_COM0_000000000000000000_CS00067","IS00749","人間ドック付与日",0,0,
,,,,,,,,0,"000000000000","TEN0_COM0_0000000000_CS00067_IS00750","TEN0_COM0_000000000000000000_CS00067","IS00750","人間ドック期限日",0,0,
,,,,,,,,0,"000000000000","TEN0_COM0_0000000000_CS00067_IS00751","TEN0_COM0_000000000000000000_CS00067","IS00751","人間ドック期限切れ状態",0,0,
,,,,,,,,0,"000000000000","TEN0_COM0_0000000000_CS00067_IS00752","TEN0_COM0_000000000000000000_CS00067","IS00752","人間ドック使用状況",0,0,
,,,,,,,,0,"000000000000","TEN0_COM0_0000000000_CS00067_IS00753","TEN0_COM0_000000000000000000_CS00067","IS00753","付与数",0,0,
,,,,,,,,0,"000000000000","TEN0_COM0_0000000000_CS00067_IS00754","TEN0_COM0_000000000000000000_CS00067","IS00754","付与日数",0,0,
,,,,,,,,0,"000000000000","TEN0_COM0_0000000000_CS00067_IS00755","TEN0_COM0_000000000000000000_CS00067","IS00755","付与時間",0,0,
,,,,,,,,0,"000000000000","TEN0_COM0_0000000000_CS00067_IS00756","TEN0_COM0_000000000000000000_CS00067","IS00756","使用数",0,0,
,,,,,,,,0,"000000000000","TEN0_COM0_0000000000_CS00067_IS00757","TEN0_COM0_000000000000000000_CS00067","IS00757","使用日数",0,0,
,,,,,,,,0,"000000000000","TEN0_COM0_0000000000_CS00067_IS00758","TEN0_COM0_000000000000000000_CS00067","IS00758","使用時間",0,0,
,,,,,,,,0,"000000000000","TEN0_COM0_0000000000_CS00067_IS00759","TEN0_COM0_000000000000000000_CS00067","IS00759","上限超過消滅日数",0,0,
,,,,,,,,0,"000000000000","TEN0_COM0_0000000000_CS00067_IS00760","TEN0_COM0_000000000000000000_CS00067","IS00760","上限超過消滅時間",0,0,
,,,,,,,,0,"000000000000","TEN0_COM0_0000000000_CS00067_IS00761","TEN0_COM0_000000000000000000_CS00067","IS00761","残数",0,0,
,,,,,,,,0,"000000000000","TEN0_COM0_0000000000_CS00067_IS00762","TEN0_COM0_000000000000000000_CS00067","IS00762","残日数",0,0,
,,,,,,,,0,"000000000000","TEN0_COM0_0000000000_CS00067_IS00763","TEN0_COM0_000000000000000000_CS00067","IS00763","残時間",0,0,
,,,,,,,,0,"000000000000","TEN0_COM0_0000000000_CS00068_IS00764","TEN0_COM0_000000000000000000_CS00068","IS00764","結婚休暇付与日",0,0,
,,,,,,,,0,"000000000000","TEN0_COM0_0000000000_CS00068_IS00765","TEN0_COM0_000000000000000000_CS00068","IS00765","結婚休暇期限日",0,0,
,,,,,,,,0,"000000000000","TEN0_COM0_0000000000_CS00068_IS00766","TEN0_COM0_000000000000000000_CS00068","IS00766","結婚休暇期限切れ状態",0,0,
,,,,,,,,0,"000000000000","TEN0_COM0_0000000000_CS00068_IS00767","TEN0_COM0_000000000000000000_CS00068","IS00767","結婚休暇使用状況",0,0,
,,,,,,,,0,"000000000000","TEN0_COM0_0000000000_CS00068_IS00768","TEN0_COM0_000000000000000000_CS00068","IS00768","付与数",0,0,
,,,,,,,,0,"000000000000","TEN0_COM0_0000000000_CS00068_IS00769","TEN0_COM0_000000000000000000_CS00068","IS00769","付与日数",0,0,
,,,,,,,,0,"000000000000","TEN0_COM0_0000000000_CS00068_IS00770","TEN0_COM0_000000000000000000_CS00068","IS00770","付与時間",0,0,
,,,,,,,,0,"000000000000","TEN0_COM0_0000000000_CS00068_IS00771","TEN0_COM0_000000000000000000_CS00068","IS00771","使用数",0,0,
,,,,,,,,0,"000000000000","TEN0_COM0_0000000000_CS00068_IS00772","TEN0_COM0_000000000000000000_CS00068","IS00772","使用日数",0,0,
,,,,,,,,0,"000000000000","TEN0_COM0_0000000000_CS00068_IS00773","TEN0_COM0_000000000000000000_CS00068","IS00773","使用時間",0,0,
,,,,,,,,0,"000000000000","TEN0_COM0_0000000000_CS00068_IS00774","TEN0_COM0_000000000000000000_CS00068","IS00774","上限超過消滅日数",0,0,
,,,,,,,,0,"000000000000","TEN0_COM0_0000000000_CS00068_IS00775","TEN0_COM0_000000000000000000_CS00068","IS00775","上限超過消滅時間",0,0,
,,,,,,,,0,"000000000000","TEN0_COM0_0000000000_CS00068_IS00776","TEN0_COM0_000000000000000000_CS00068","IS00776","残数",0,0,
,,,,,,,,0,"000000000000","TEN0_COM0_0000000000_CS00068_IS00777","TEN0_COM0_000000000000000000_CS00068","IS00777","残日数",0,0,
,,,,,,,,0,"000000000000","TEN0_COM0_0000000000_CS00068_IS00778","TEN0_COM0_000000000000000000_CS00068","IS00778","残時間",0,0,
,,,,,,,,0,"000000000000","TEN0_COM0_0000000000_CS00069_IS00779","TEN0_COM0_000000000000000000_CS00069","IS00779","カード番号",0,1,
,,,,,,,,0,"000000000000","TEN0_COM0_0000000000_CS00070_IS00780","TEN0_COM0_000000000000000000_CS00070","IS00780","期間",0,1,
,,,,,,,,0,"000000000000","TEN0_COM0_0000000000_CS00070_IS00781","TEN0_COM0_000000000000000000_CS00070","IS00781","開始日",0,1,
,,,,,,,,0,"000000000000","TEN0_COM0_0000000000_CS00070_IS00782","TEN0_COM0_000000000000000000_CS00070","IS00782","終了日",0,0,
,,,,,,,,0,"000000000000","TEN0_COM0_0000000000_CS00098_IS01090","TEN0_COM0_000000000000000000_CS00098","IS01090","期間",0,1,
,,,,,,,,0,"000000000000","TEN0_COM0_0000000000_CS00098_IS01091","TEN0_COM0_000000000000000000_CS00098","IS01091","開始日",0,1,
,,,,,,,,0,"000000000000","TEN0_COM0_0000000000_CS00098_IS01092","TEN0_COM0_000000000000000000_CS00098","IS01092","終了日",0,0,
,,,,,,,,0,"000000000000","TEN0_COM0_0000000000_CS00098_IS01093","TEN0_COM0_000000000000000000_CS00098","IS01093","夜勤専従者として扱う",0,1,
,,,,,,,,0,"000000000000","TEN0_COM0_0000000000_CS00098_IS01094","TEN0_COM0_000000000000000000_CS00098","IS01094","医療勤務形態",0,1,
,,,,,,,,0,"000000000000","TEN0_COM0_0000000000_CS00098_IS01095","TEN0_COM0_000000000000000000_CS00098","IS01095","他部署の兼務",0,1,
,,,,,,,,0,"000000000000","TEN0_COM0_0000000000_CS00098_IS01096","TEN0_COM0_000000000000000000_CS00098","IS01096","看護区分",0,1,
